{
    "type": "FeatureCollection",
    "features": [
        {
            "type": "Feature",
            "geometry": {
                "type": "Polygon",
                "coordinates": [
                    [
                        [
                            -2.5,
                            42.62
                        ],
                        [
                            -2.41,
                            42.66
                        ],
                        [
                            -2.35,
                            42.63
                        ],
                        [
                            -2.31,
                            42.67
                        ],
                        [
                            -2.32,
                            42.72
                        ],
                        [
                            -2.27,
                            42.74
                        ],
                        [
                            -2.27,
                            42.81
                        ],
                        [
                            -2.23,
                            42.84
                        ],
                        [
                            -2.25,
                            42.9
                        ],
                        [
                            -2.21,
                            42.95
                        ],
                        [
                            -2.18,
                            42.94
                        ],
                        [
                            -2.12,
                            42.94
                        ],
                        [
                            -2.09,
                            42.97
                        ],
                        [
                            -2.04,
                            42.98
                        ],
                        [
                            -2.04,
                            43.03
                        ],
                        [
                            -2.02,
                            43.07
                        ],
                        [
                            -1.95,
                            43.1
                        ],
                        [
                            -1.93,
                            43.06
                        ],
                        [
                            -1.88,
                            43.06
                        ],
                        [
                            -1.86,
                            43.08
                        ],
                        [
                            -1.8,
                            43.06
                        ],
                        [
                            -1.71,
                            43.05
                        ],
                        [
                            -1.67,
                            43.06
                        ],
                        [
                            -1.63,
                            43.04
                        ],
                        [
                            -1.55,
                            43.04
                        ],
                        [
                            -1.56,
                            42.95
                        ],
                        [
                            -1.59,
                            42.84
                        ],
                        [
                            -1.48,
                            42.88
                        ],
                        [
                            -1.42,
                            42.87
                        ],
                        [
                            -1.4,
                            42.84
                        ],
                        [
                            -1.34,
                            42.83
                        ],
                        [
                            -1.28,
                            42.81
                        ],
                        [
                            -1.23,
                            42.87
                        ],
                        [
                            -1.2,
                            42.87
                        ],
                        [
                            -1.16,
                            42.83
                        ],
                        [
                            -1.16,
                            42.81
                        ],
                        [
                            -1.13,
                            42.78
                        ],
                        [
                            -1.05,
                            42.76
                        ],
                        [
                            -1.03,
                            42.7
                        ],
                        [
                            -1.04,
                            42.65
                        ],
                        [
                            -1.15,
                            42.65
                        ],
                        [
                            -1.16,
                            42.61
                        ],
                        [
                            -1.22,
                            42.54
                        ],
                        [
                            -1.26,
                            42.56
                        ],
                        [
                            -1.29,
                            42.52
                        ],
                        [
                            -1.27,
                            42.48
                        ],
                        [
                            -1.29,
                            42.46
                        ],
                        [
                            -1.34,
                            42.42
                        ],
                        [
                            -1.36,
                            42.38
                        ],
                        [
                            -1.33,
                            42.36
                        ],
                        [
                            -1.4,
                            42.29
                        ],
                        [
                            -1.43,
                            42.32
                        ],
                        [
                            -1.48,
                            42.32
                        ],
                        [
                            -1.51,
                            42.34
                        ],
                        [
                            -1.54,
                            42.32
                        ],
                        [
                            -1.59,
                            42.38
                        ],
                        [
                            -1.62,
                            42.41
                        ],
                        [
                            -1.66,
                            42.39
                        ],
                        [
                            -1.7,
                            42.38
                        ],
                        [
                            -1.71,
                            42.42
                        ],
                        [
                            -1.76,
                            42.46
                        ],
                        [
                            -1.79,
                            42.51
                        ],
                        [
                            -1.84,
                            42.53
                        ],
                        [
                            -1.91,
                            42.5
                        ],
                        [
                            -1.93,
                            42.53
                        ],
                        [
                            -1.97,
                            42.53
                        ],
                        [
                            -1.97,
                            42.56
                        ],
                        [
                            -2.0,
                            42.58
                        ],
                        [
                            -2.04,
                            42.55
                        ],
                        [
                            -2.04,
                            42.5
                        ],
                        [
                            -2.09,
                            42.53
                        ],
                        [
                            -2.06,
                            42.59
                        ],
                        [
                            -2.08,
                            42.61
                        ],
                        [
                            -2.17,
                            42.55
                        ],
                        [
                            -2.16,
                            42.6
                        ],
                        [
                            -2.23,
                            42.57
                        ],
                        [
                            -2.26,
                            42.61
                        ],
                        [
                            -2.29,
                            42.58
                        ],
                        [
                            -2.4,
                            42.59
                        ],
                        [
                            -2.44,
                            42.58
                        ],
                        [
                            -2.49,
                            42.59
                        ],
                        [
                            -2.5,
                            42.62
                        ]
                    ]
                ]
            },
            "properties": {
                "dia": 2,
                "priority": 1,
                "popup_html": "<h3>\u26c8\ufe0f Aviso de tormentas de nivel amarillo</h3><p><b>Titular:</b> Aviso de tormentas de nivel amarillo. Centro de Navarra</p><p><b>\u00c1rea:</b> Centro de Navarra</p><p><b>Nivel:</b> <span style='color:#f3f702; font-weight:bold;'>AMARILLO</span></p><hr><p><b>Descripci\u00f3n:</b> </p><p><b>Instrucciones:</b> Est\u00e9 atento. Mant\u00e9ngase informado de la predicci\u00f3n meteorol\u00f3gica m\u00e1s actualizada. Se pueden producir da\u00f1os moderados a personas y bienes, especialmente a aquellos vulnerables o en zonas expuestas al fen\u00f3meno.</p><p><b>Inicio:</b> 29/09/2026 00:00</p><p><b>Fin:</b> 29/09/2026 05:59</p><p><a href='https://www.aemet.es/es/eltiempo/prediccion/avisos' target='_blank' style='color:#0078A8;'>Ver en AEMET</a></p>",
                "fillColor": "#f3f702"
            }
        },
        {
            "type": "Feature",
            "geometry": {
                "type": "Polygon",
                "coordinates": [
                    [
                        [
                            -9.46,
                            42.37
                        ],
                        [
                            -9.19,
                            42.41
                        ],
                        [
                            -9.04,
                            42.44
                        ],
                        [
                            -8.98,
                            42.47
                        ],
                        [
                            -8.91,
                            42.57
                        ],
                        [
                            -8.82,
                            42.61
                        ],
                        [
                            -8.74,
                            42.65
                        ],
                        [
                            -8.77,
                            42.62
                        ],
                        [
                            -8.76,
                            42.6
                        ],
                        [
                            -8.83,
                            42.55
                        ],
                        [
                            -8.82,
                            42.53
                        ],
                        [
                            -8.83,
                            42.48
                        ],
                        [
                            -8.86,
                            42.5
                        ],
                        [
                            -8.91,
                            42.48
                        ],
                        [
                            -8.88,
                            42.46
                        ],
                        [
                            -8.86,
                            42.41
                        ],
                        [
                            -8.76,
                            42.4
                        ],
                        [
                            -8.74,
                            42.41
                        ],
                        [
                            -8.69,
                            42.4
                        ],
                        [
                            -8.74,
                            42.38
                        ],
                        [
                            -8.75,
                            42.34
                        ],
                        [
                            -8.83,
                            42.33
                        ],
                        [
                            -8.82,
                            42.31
                        ],
                        [
                            -8.85,
                            42.26
                        ],
                        [
                            -8.79,
                            42.25
                        ],
                        [
                            -8.74,
                            42.27
                        ],
                        [
                            -8.69,
                            42.28
                        ],
                        [
                            -8.64,
                            42.35
                        ],
                        [
                            -8.61,
                            42.34
                        ],
                        [
                            -8.61,
                            42.3
                        ],
                        [
                            -8.67,
                            42.28
                        ],
                        [
                            -8.74,
                            42.23
                        ],
                        [
                            -8.77,
                            42.23
                        ],
                        [
                            -8.83,
                            42.15
                        ],
                        [
                            -8.82,
                            42.13
                        ],
                        [
                            -8.9,
                            42.11
                        ],
                        [
                            -8.88,
                            42.0
                        ],
                        [
                            -8.88,
                            41.96
                        ],
                        [
                            -9.21,
                            41.92
                        ],
                        [
                            -9.32,
                            41.9
                        ],
                        [
                            -9.36,
                            42.24
                        ],
                        [
                            -9.38,
                            42.27
                        ],
                        [
                            -9.46,
                            42.37
                        ]
                    ]
                ]
            },
            "properties": {
                "dia": 2,
                "priority": 1,
                "popup_html": "<h3>\ud83c\udf0a Aviso de costeros de nivel amarillo</h3><p><b>Titular:</b> Aviso de costeros de nivel amarillo. Costa - Rias Baixas</p><p><b>\u00c1rea:</b> Costa - Rias Baixas</p><p><b>Nivel:</b> <span style='color:#f3f702; font-weight:bold;'>AMARILLO</span></p><hr><p><b>Descripci\u00f3n:</b> Viento del Sur o Sureste de 50 a 61 km/h (fuerza 7).</p><p><b>Instrucciones:</b> Est\u00e9 atento. Mant\u00e9ngase informado de la predicci\u00f3n meteorol\u00f3gica m\u00e1s actualizada. Se pueden producir da\u00f1os moderados a personas y bienes, especialmente a aquellos vulnerables o en zonas expuestas al fen\u00f3meno.</p><p><b>Inicio:</b> 29/09/2026 11:00</p><p><b>Fin:</b> 29/09/2026 22:59</p><p><a href='https://www.aemet.es/es/eltiempo/prediccion/avisos' target='_blank' style='color:#0078A8;'>Ver en AEMET</a></p>",
                "fillColor": "#f3f702"
            }
        },
        {
            "type": "Feature",
            "geometry": {
                "type": "Polygon",
                "coordinates": [
                    [
                        [
                            -2.5,
                            42.62
                        ],
                        [
                            -2.41,
                            42.66
                        ],
                        [
                            -2.35,
                            42.63
                        ],
                        [
                            -2.31,
                            42.67
                        ],
                        [
                            -2.32,
                            42.72
                        ],
                        [
                            -2.27,
                            42.74
                        ],
                        [
                            -2.27,
                            42.81
                        ],
                        [
                            -2.23,
                            42.84
                        ],
                        [
                            -2.25,
                            42.9
                        ],
                        [
                            -2.21,
                            42.95
                        ],
                        [
                            -2.18,
                            42.94
                        ],
                        [
                            -2.12,
                            42.94
                        ],
                        [
                            -2.09,
                            42.97
                        ],
                        [
                            -2.04,
                            42.98
                        ],
                        [
                            -2.04,
                            43.03
                        ],
                        [
                            -2.02,
                            43.07
                        ],
                        [
                            -1.95,
                            43.1
                        ],
                        [
                            -1.93,
                            43.06
                        ],
                        [
                            -1.88,
                            43.06
                        ],
                        [
                            -1.86,
                            43.08
                        ],
                        [
                            -1.8,
                            43.06
                        ],
                        [
                            -1.71,
                            43.05
                        ],
                        [
                            -1.67,
                            43.06
                        ],
                        [
                            -1.63,
                            43.04
                        ],
                        [
                            -1.55,
                            43.04
                        ],
                        [
                            -1.56,
                            42.95
                        ],
                        [
                            -1.59,
                            42.84
                        ],
                        [
                            -1.48,
                            42.88
                        ],
                        [
                            -1.42,
                            42.87
                        ],
                        [
                            -1.4,
                            42.84
                        ],
                        [
                            -1.34,
                            42.83
                        ],
                        [
                            -1.28,
                            42.81
                        ],
                        [
                            -1.23,
                            42.87
                        ],
                        [
                            -1.2,
                            42.87
                        ],
                        [
                            -1.16,
                            42.83
                        ],
                        [
                            -1.16,
                            42.81
                        ],
                        [
                            -1.13,
                            42.78
                        ],
                        [
                            -1.05,
                            42.76
                        ],
                        [
                            -1.03,
                            42.7
                        ],
                        [
                            -1.04,
                            42.65
                        ],
                        [
                            -1.15,
                            42.65
                        ],
                        [
                            -1.16,
                            42.61
                        ],
                        [
                            -1.22,
                            42.54
                        ],
                        [
                            -1.26,
                            42.56
                        ],
                        [
                            -1.29,
                            42.52
                        ],
                        [
                            -1.27,
                            42.48
                        ],
                        [
                            -1.29,
                            42.46
                        ],
                        [
                            -1.34,
                            42.42
                        ],
                        [
                            -1.36,
                            42.38
                        ],
                        [
                            -1.33,
                            42.36
                        ],
                        [
                            -1.4,
                            42.29
                        ],
                        [
                            -1.43,
                            42.32
                        ],
                        [
                            -1.48,
                            42.32
                        ],
                        [
                            -1.51,
                            42.34
                        ],
                        [
                            -1.54,
                            42.32
                        ],
                        [
                            -1.59,
                            42.38
                        ],
                        [
                            -1.62,
                            42.41
                        ],
                        [
                            -1.66,
                            42.39
                        ],
                        [
                            -1.7,
                            42.38
                        ],
                        [
                            -1.71,
                            42.42
                        ],
                        [
                            -1.76,
                            42.46
                        ],
                        [
                            -1.79,
                            42.51
                        ],
                        [
                            -1.84,
                            42.53
                        ],
                        [
                            -1.91,
                            42.5
                        ],
                        [
                            -1.93,
                            42.53
                        ],
                        [
                            -1.97,
                            42.53
                        ],
                        [
                            -1.97,
                            42.56
                        ],
                        [
                            -2.0,
                            42.58
                        ],
                        [
                            -2.04,
                            42.55
                        ],
                        [
                            -2.04,
                            42.5
                        ],
                        [
                            -2.09,
                            42.53
                        ],
                        [
                            -2.06,
                            42.59
                        ],
                        [
                            -2.08,
                            42.61
                        ],
                        [
                            -2.17,
                            42.55
                        ],
                        [
                            -2.16,
                            42.6
                        ],
                        [
                            -2.23,
                            42.57
                        ],
                        [
                            -2.26,
                            42.61
                        ],
                        [
                            -2.29,
                            42.58
                        ],
                        [
                            -2.4,
                            42.59
                        ],
                        [
                            -2.44,
                            42.58
                        ],
                        [
                            -2.49,
                            42.59
                        ],
                        [
                            -2.5,
                            42.62
                        ]
                    ]
                ]
            },
            "properties": {
                "dia": 2,
                "priority": 1,
                "popup_html": "<h3>\ud83c\udf27\ufe0f Aviso de lluvias de nivel amarillo</h3><p><b>Titular:</b> Aviso de lluvias de nivel amarillo. Centro de Navarra</p><p><b>\u00c1rea:</b> Centro de Navarra</p><p><b>Nivel:</b> <span style='color:#f3f702; font-weight:bold;'>AMARILLO</span></p><hr><p><b>Descripci\u00f3n:</b> Precipitaci\u00f3n acumulada en una hora: 15 mm.</p><p><b>Instrucciones:</b> Est\u00e9 atento. Mant\u00e9ngase informado de la predicci\u00f3n meteorol\u00f3gica m\u00e1s actualizada. Se pueden producir da\u00f1os moderados a personas y bienes, especialmente a aquellos vulnerables o en zonas expuestas al fen\u00f3meno.</p><p><b>Inicio:</b> 29/09/2026 00:00</p><p><b>Fin:</b> 29/09/2026 05:59</p><p><a href='https://www.aemet.es/es/eltiempo/prediccion/avisos' target='_blank' style='color:#0078A8;'>Ver en AEMET</a></p>",
                "fillColor": "#f3f702"
            }
        },
        {
            "type": "Feature",
            "geometry": {
                "type": "Polygon",
                "coordinates": [
                    [
                        [
                            -2.86,
                            42.64
                        ],
                        [
                            -2.82,
                            42.61
                        ],
                        [
                            -2.84,
                            42.57
                        ],
                        [
                            -2.82,
                            42.56
                        ],
                        [
                            -2.78,
                            42.58
                        ],
                        [
                            -2.76,
                            42.62
                        ],
                        [
                            -2.68,
                            42.59
                        ],
                        [
                            -2.68,
                            42.52
                        ],
                        [
                            -2.65,
                            42.48
                        ],
                        [
                            -2.61,
                            42.5
                        ],
                        [
                            -2.58,
                            42.48
                        ],
                        [
                            -2.42,
                            42.49
                        ],
                        [
                            -2.4,
                            42.47
                        ],
                        [
                            -2.33,
                            42.45
                        ],
                        [
                            -2.32,
                            42.47
                        ],
                        [
                            -2.24,
                            42.44
                        ],
                        [
                            -2.18,
                            42.41
                        ],
                        [
                            -2.13,
                            42.42
                        ],
                        [
                            -2.09,
                            42.38
                        ],
                        [
                            -2.07,
                            42.34
                        ],
                        [
                            -2.01,
                            42.37
                        ],
                        [
                            -1.94,
                            42.34
                        ],
                        [
                            -1.8,
                            42.22
                        ],
                        [
                            -1.71,
                            42.21
                        ],
                        [
                            -1.69,
                            42.15
                        ],
                        [
                            -1.74,
                            42.15
                        ],
                        [
                            -1.78,
                            42.14
                        ],
                        [
                            -1.82,
                            42.15
                        ],
                        [
                            -1.9,
                            42.08
                        ],
                        [
                            -1.91,
                            42.06
                        ],
                        [
                            -1.92,
                            42.09
                        ],
                        [
                            -1.96,
                            42.11
                        ],
                        [
                            -2.0,
                            42.09
                        ],
                        [
                            -2.06,
                            42.11
                        ],
                        [
                            -2.08,
                            42.14
                        ],
                        [
                            -2.14,
                            42.16
                        ],
                        [
                            -2.16,
                            42.13
                        ],
                        [
                            -2.19,
                            42.13
                        ],
                        [
                            -2.23,
                            42.17
                        ],
                        [
                            -2.19,
                            42.2
                        ],
                        [
                            -2.22,
                            42.26
                        ],
                        [
                            -2.3,
                            42.29
                        ],
                        [
                            -2.34,
                            42.24
                        ],
                        [
                            -2.41,
                            42.25
                        ],
                        [
                            -2.48,
                            42.29
                        ],
                        [
                            -2.49,
                            42.32
                        ],
                        [
                            -2.52,
                            42.32
                        ],
                        [
                            -2.55,
                            42.35
                        ],
                        [
                            -2.62,
                            42.33
                        ],
                        [
                            -2.74,
                            42.38
                        ],
                        [
                            -2.78,
                            42.39
                        ],
                        [
                            -2.81,
                            42.38
                        ],
                        [
                            -2.87,
                            42.38
                        ],
                        [
                            -2.92,
                            42.41
                        ],
                        [
                            -2.94,
                            42.39
                        ],
                        [
                            -2.97,
                            42.41
                        ],
                        [
                            -3.05,
                            42.37
                        ],
                        [
                            -3.06,
                            42.43
                        ],
                        [
                            -3.04,
                            42.45
                        ],
                        [
                            -3.07,
                            42.48
                        ],
                        [
                            -3.07,
                            42.53
                        ],
                        [
                            -3.13,
                            42.54
                        ],
                        [
                            -3.09,
                            42.57
                        ],
                        [
                            -3.06,
                            42.6
                        ],
                        [
                            -3.08,
                            42.63
                        ],
                        [
                            -3.0,
                            42.64
                        ],
                        [
                            -2.88,
                            42.63
                        ],
                        [
                            -2.86,
                            42.64
                        ]
                    ]
                ]
            },
            "properties": {
                "dia": 0,
                "priority": 1,
                "popup_html": "<h3>\u26c8\ufe0f Aviso de tormentas de nivel amarillo</h3><p><b>Titular:</b> Aviso de tormentas de nivel amarillo. Ribera del Ebro de La Rioja</p><p><b>\u00c1rea:</b> Ribera del Ebro de La Rioja</p><p><b>Nivel:</b> <span style='color:#f3f702; font-weight:bold;'>AMARILLO</span></p><hr><p><b>Descripci\u00f3n:</b> El aviso hace referencia a la parte m\u00e1s occidental. Probable granizo.</p><p><b>Instrucciones:</b> Est\u00e9 atento. Mant\u00e9ngase informado de la predicci\u00f3n meteorol\u00f3gica m\u00e1s actualizada. Se pueden producir da\u00f1os moderados a personas y bienes, especialmente a aquellos vulnerables o en zonas expuestas al fen\u00f3meno.</p><p><b>Inicio:</b> 27/09/2026 18:00</p><p><b>Fin:</b> 27/09/2026 23:59</p><p><a href='https://www.aemet.es/es/eltiempo/prediccion/avisos' target='_blank' style='color:#0078A8;'>Ver en AEMET</a></p>",
                "fillColor": "#f3f702"
            }
        },
        {
            "type": "Feature",
            "geometry": {
                "type": "Polygon",
                "coordinates": [
                    [
                        [
                            -1.55,
                            43.04
                        ],
                        [
                            -1.5,
                            43.06
                        ],
                        [
                            -1.47,
                            43.03
                        ],
                        [
                            -1.45,
                            43.05
                        ],
                        [
                            -1.35,
                            43.03
                        ],
                        [
                            -1.34,
                            43.09
                        ],
                        [
                            -1.25,
                            43.04
                        ],
                        [
                            -1.23,
                            43.06
                        ],
                        [
                            -1.13,
                            43.01
                        ],
                        [
                            -1.01,
                            42.99
                        ],
                        [
                            -0.94,
                            42.95
                        ],
                        [
                            -0.81,
                            42.95
                        ],
                        [
                            -0.75,
                            42.97
                        ],
                        [
                            -0.73,
                            42.92
                        ],
                        [
                            -0.78,
                            42.92
                        ],
                        [
                            -0.82,
                            42.9
                        ],
                        [
                            -0.81,
                            42.88
                        ],
                        [
                            -0.86,
                            42.85
                        ],
                        [
                            -0.85,
                            42.79
                        ],
                        [
                            -0.9,
                            42.74
                        ],
                        [
                            -0.95,
                            42.71
                        ],
                        [
                            -1.03,
                            42.7
                        ],
                        [
                            -1.05,
                            42.76
                        ],
                        [
                            -1.13,
                            42.78
                        ],
                        [
                            -1.16,
                            42.81
                        ],
                        [
                            -1.16,
                            42.83
                        ],
                        [
                            -1.2,
                            42.87
                        ],
                        [
                            -1.23,
                            42.87
                        ],
                        [
                            -1.28,
                            42.81
                        ],
                        [
                            -1.34,
                            42.83
                        ],
                        [
                            -1.4,
                            42.84
                        ],
                        [
                            -1.42,
                            42.87
                        ],
                        [
                            -1.48,
                            42.88
                        ],
                        [
                            -1.59,
                            42.84
                        ],
                        [
                            -1.56,
                            42.95
                        ],
                        [
                            -1.55,
                            43.04
                        ]
                    ]
                ]
            },
            "properties": {
                "dia": 2,
                "priority": 1,
                "popup_html": "<h3>\u26c8\ufe0f Aviso de tormentas de nivel amarillo</h3><p><b>Titular:</b> Aviso de tormentas de nivel amarillo. Pirineo navarro</p><p><b>\u00c1rea:</b> Pirineo navarro</p><p><b>Nivel:</b> <span style='color:#f3f702; font-weight:bold;'>AMARILLO</span></p><hr><p><b>Descripci\u00f3n:</b> </p><p><b>Instrucciones:</b> Est\u00e9 atento. Mant\u00e9ngase informado de la predicci\u00f3n meteorol\u00f3gica m\u00e1s actualizada. Se pueden producir da\u00f1os moderados a personas y bienes, especialmente a aquellos vulnerables o en zonas expuestas al fen\u00f3meno.</p><p><b>Inicio:</b> 29/09/2026 00:00</p><p><b>Fin:</b> 29/09/2026 05:59</p><p><a href='https://www.aemet.es/es/eltiempo/prediccion/avisos' target='_blank' style='color:#0078A8;'>Ver en AEMET</a></p>",
                "fillColor": "#f3f702"
            }
        },
        {
            "type": "Feature",
            "geometry": {
                "type": "Polygon",
                "coordinates": [
                    [
                        [
                            -6.97,
                            38.47
                        ],
                        [
                            -6.97,
                            38.49
                        ],
                        [
                            -6.95,
                            38.56
                        ],
                        [
                            -6.87,
                            38.56
                        ],
                        [
                            -6.88,
                            38.58
                        ],
                        [
                            -6.85,
                            38.68
                        ],
                        [
                            -6.8,
                            38.66
                        ],
                        [
                            -6.75,
                            38.68
                        ],
                        [
                            -6.75,
                            38.71
                        ],
                        [
                            -6.7,
                            38.75
                        ],
                        [
                            -6.65,
                            38.76
                        ],
                        [
                            -6.6,
                            38.76
                        ],
                        [
                            -6.56,
                            38.78
                        ],
                        [
                            -6.54,
                            38.77
                        ],
                        [
                            -6.52,
                            38.73
                        ],
                        [
                            -6.48,
                            38.76
                        ],
                        [
                            -6.41,
                            38.77
                        ],
                        [
                            -6.38,
                            38.75
                        ],
                        [
                            -6.35,
                            38.77
                        ],
                        [
                            -6.3,
                            38.75
                        ],
                        [
                            -6.27,
                            38.79
                        ],
                        [
                            -6.24,
                            38.8
                        ],
                        [
                            -6.21,
                            38.78
                        ],
                        [
                            -6.15,
                            38.87
                        ],
                        [
                            -6.13,
                            38.86
                        ],
                        [
                            -6.09,
                            38.77
                        ],
                        [
                            -6.04,
                            38.75
                        ],
                        [
                            -6.01,
                            38.76
                        ],
                        [
                            -5.89,
                            38.73
                        ],
                        [
                            -5.83,
                            38.8
                        ],
                        [
                            -5.8,
                            38.79
                        ],
                        [
                            -5.76,
                            38.85
                        ],
                        [
                            -5.7,
                            38.83
                        ],
                        [
                            -5.69,
                            38.87
                        ],
                        [
                            -5.65,
                            38.9
                        ],
                        [
                            -5.59,
                            38.92
                        ],
                        [
                            -5.6,
                            38.96
                        ],
                        [
                            -5.59,
                            38.99
                        ],
                        [
                            -5.55,
                            38.98
                        ],
                        [
                            -5.52,
                            38.99
                        ],
                        [
                            -5.49,
                            38.92
                        ],
                        [
                            -5.46,
                            38.94
                        ],
                        [
                            -5.4,
                            38.9
                        ],
                        [
                            -5.36,
                            38.9
                        ],
                        [
                            -5.31,
                            38.93
                        ],
                        [
                            -5.22,
                            38.93
                        ],
                        [
                            -5.19,
                            38.89
                        ],
                        [
                            -5.12,
                            38.87
                        ],
                        [
                            -5.1,
                            38.83
                        ],
                        [
                            -5.11,
                            38.77
                        ],
                        [
                            -5.07,
                            38.75
                        ],
                        [
                            -5.06,
                            38.72
                        ],
                        [
                            -5.1,
                            38.71
                        ],
                        [
                            -5.17,
                            38.71
                        ],
                        [
                            -5.17,
                            38.68
                        ],
                        [
                            -5.21,
                            38.67
                        ],
                        [
                            -5.25,
                            38.63
                        ],
                        [
                            -5.33,
                            38.58
                        ],
                        [
                            -5.37,
                            38.59
                        ],
                        [
                            -5.39,
                            38.55
                        ],
                        [
                            -5.48,
                            38.46
                        ],
                        [
                            -5.52,
                            38.46
                        ],
                        [
                            -5.57,
                            38.42
                        ],
                        [
                            -5.65,
                            38.45
                        ],
                        [
                            -5.7,
                            38.48
                        ],
                        [
                            -5.74,
                            38.45
                        ],
                        [
                            -5.78,
                            38.42
                        ],
                        [
                            -5.85,
                            38.43
                        ],
                        [
                            -5.87,
                            38.49
                        ],
                        [
                            -5.92,
                            38.52
                        ],
                        [
                            -5.97,
                            38.53
                        ],
                        [
                            -5.99,
                            38.49
                        ],
                        [
                            -6.03,
                            38.48
                        ],
                        [
                            -6.09,
                            38.49
                        ],
                        [
                            -6.11,
                            38.51
                        ],
                        [
                            -6.14,
                            38.49
                        ],
                        [
                            -6.18,
                            38.5
                        ],
                        [
                            -6.23,
                            38.49
                        ],
                        [
                            -6.24,
                            38.46
                        ],
                        [
                            -6.28,
                            38.44
                        ],
                        [
                            -6.32,
                            38.42
                        ],
                        [
                            -6.31,
                            38.36
                        ],
                        [
                            -6.44,
                            38.37
                        ],
                        [
                            -6.48,
                            38.44
                        ],
                        [
                            -6.5,
                            38.45
                        ],
                        [
                            -6.58,
                            38.44
                        ],
                        [
                            -6.62,
                            38.46
                        ],
                        [
                            -6.64,
                            38.45
                        ],
                        [
                            -6.8,
                            38.47
                        ],
                        [
                            -6.86,
                            38.46
                        ],
                        [
                            -6.88,
                            38.48
                        ],
                        [
                            -6.97,
                            38.47
                        ]
                    ]
                ]
            },
            "properties": {
                "dia": 1,
                "priority": 1,
                "popup_html": "<h3>\ud83c\udf27\ufe0f Aviso de lluvias de nivel amarillo</h3><p><b>Titular:</b> Aviso de lluvias de nivel amarillo. Barros y Serena</p><p><b>\u00c1rea:</b> Barros y Serena</p><p><b>Nivel:</b> <span style='color:#f3f702; font-weight:bold;'>AMARILLO</span></p><hr><p><b>Descripci\u00f3n:</b> Precipitaci\u00f3n acumulada en una hora: 15 mm.</p><p><b>Instrucciones:</b> Est\u00e9 atento. Mant\u00e9ngase informado de la predicci\u00f3n meteorol\u00f3gica m\u00e1s actualizada. Se pueden producir da\u00f1os moderados a personas y bienes, especialmente a aquellos vulnerables o en zonas expuestas al fen\u00f3meno.</p><p><b>Inicio:</b> 28/09/2026 14:00</p><p><b>Fin:</b> 28/09/2026 21:59</p><p><a href='https://www.aemet.es/es/eltiempo/prediccion/avisos' target='_blank' style='color:#0078A8;'>Ver en AEMET</a></p>",
                "fillColor": "#f3f702"
            }
        },
        {
            "type": "Feature",
            "geometry": {
                "type": "Polygon",
                "coordinates": [
                    [
                        [
                            -2.98,
                            42.94
                        ],
                        [
                            -2.93,
                            42.94
                        ],
                        [
                            -2.86,
                            42.91
                        ],
                        [
                            -2.76,
                            42.92
                        ],
                        [
                            -2.7,
                            42.9
                        ],
                        [
                            -2.68,
                            42.92
                        ],
                        [
                            -2.67,
                            42.96
                        ],
                        [
                            -2.63,
                            42.94
                        ],
                        [
                            -2.6,
                            42.98
                        ],
                        [
                            -2.54,
                            42.96
                        ],
                        [
                            -2.48,
                            42.97
                        ],
                        [
                            -2.36,
                            42.95
                        ],
                        [
                            -2.3,
                            42.93
                        ],
                        [
                            -2.29,
                            42.9
                        ],
                        [
                            -2.25,
                            42.9
                        ],
                        [
                            -2.23,
                            42.84
                        ],
                        [
                            -2.27,
                            42.81
                        ],
                        [
                            -2.27,
                            42.74
                        ],
                        [
                            -2.32,
                            42.72
                        ],
                        [
                            -2.31,
                            42.67
                        ],
                        [
                            -2.35,
                            42.63
                        ],
                        [
                            -2.41,
                            42.66
                        ],
                        [
                            -2.5,
                            42.62
                        ],
                        [
                            -2.54,
                            42.64
                        ],
                        [
                            -2.55,
                            42.67
                        ],
                        [
                            -2.58,
                            42.67
                        ],
                        [
                            -2.59,
                            42.71
                        ],
                        [
                            -2.56,
                            42.74
                        ],
                        [
                            -2.6,
                            42.77
                        ],
                        [
                            -2.63,
                            42.77
                        ],
                        [
                            -2.73,
                            42.79
                        ],
                        [
                            -2.81,
                            42.79
                        ],
                        [
                            -2.85,
                            42.77
                        ],
                        [
                            -2.86,
                            42.75
                        ],
                        [
                            -2.82,
                            42.71
                        ],
                        [
                            -2.78,
                            42.7
                        ],
                        [
                            -2.77,
                            42.67
                        ],
                        [
                            -2.74,
                            42.66
                        ],
                        [
                            -2.76,
                            42.64
                        ],
                        [
                            -2.86,
                            42.64
                        ],
                        [
                            -2.89,
                            42.65
                        ],
                        [
                            -2.9,
                            42.69
                        ],
                        [
                            -2.93,
                            42.71
                        ],
                        [
                            -2.99,
                            42.71
                        ],
                        [
                            -3.02,
                            42.74
                        ],
                        [
                            -3.04,
                            42.74
                        ],
                        [
                            -3.08,
                            42.77
                        ],
                        [
                            -3.11,
                            42.76
                        ],
                        [
                            -3.16,
                            42.8
                        ],
                        [
                            -3.15,
                            42.86
                        ],
                        [
                            -3.19,
                            42.87
                        ],
                        [
                            -3.22,
                            42.83
                        ],
                        [
                            -3.28,
                            42.88
                        ],
                        [
                            -3.22,
                            42.95
                        ],
                        [
                            -3.15,
                            42.93
                        ],
                        [
                            -3.13,
                            42.9
                        ],
                        [
                            -3.09,
                            42.9
                        ],
                        [
                            -3.02,
                            42.91
                        ],
                        [
                            -2.98,
                            42.94
                        ]
                    ]
                ]
            },
            "properties": {
                "dia": 0,
                "priority": 1,
                "popup_html": "<h3>\u26c8\ufe0f Aviso de tormentas de nivel amarillo</h3><p><b>Titular:</b> Aviso de tormentas de nivel amarillo. Llanada alavesa</p><p><b>\u00c1rea:</b> Llanada alavesa</p><p><b>Nivel:</b> <span style='color:#f3f702; font-weight:bold;'>AMARILLO</span></p><hr><p><b>Descripci\u00f3n:</b> Probable granizo.</p><p><b>Instrucciones:</b> Est\u00e9 atento. Mant\u00e9ngase informado de la predicci\u00f3n meteorol\u00f3gica m\u00e1s actualizada. Se pueden producir da\u00f1os moderados a personas y bienes, especialmente a aquellos vulnerables o en zonas expuestas al fen\u00f3meno.</p><p><b>Inicio:</b> 27/09/2026 18:00</p><p><b>Fin:</b> 27/09/2026 23:59</p><p><a href='https://www.aemet.es/es/eltiempo/prediccion/avisos' target='_blank' style='color:#0078A8;'>Ver en AEMET</a></p>",
                "fillColor": "#f3f702"
            }
        },
        {
            "type": "Feature",
            "geometry": {
                "type": "Polygon",
                "coordinates": [
                    [
                        [
                            -1.55,
                            43.04
                        ],
                        [
                            -1.5,
                            43.06
                        ],
                        [
                            -1.47,
                            43.03
                        ],
                        [
                            -1.45,
                            43.05
                        ],
                        [
                            -1.35,
                            43.03
                        ],
                        [
                            -1.34,
                            43.09
                        ],
                        [
                            -1.25,
                            43.04
                        ],
                        [
                            -1.23,
                            43.06
                        ],
                        [
                            -1.13,
                            43.01
                        ],
                        [
                            -1.01,
                            42.99
                        ],
                        [
                            -0.94,
                            42.95
                        ],
                        [
                            -0.81,
                            42.95
                        ],
                        [
                            -0.75,
                            42.97
                        ],
                        [
                            -0.73,
                            42.92
                        ],
                        [
                            -0.78,
                            42.92
                        ],
                        [
                            -0.82,
                            42.9
                        ],
                        [
                            -0.81,
                            42.88
                        ],
                        [
                            -0.86,
                            42.85
                        ],
                        [
                            -0.85,
                            42.79
                        ],
                        [
                            -0.9,
                            42.74
                        ],
                        [
                            -0.95,
                            42.71
                        ],
                        [
                            -1.03,
                            42.7
                        ],
                        [
                            -1.05,
                            42.76
                        ],
                        [
                            -1.13,
                            42.78
                        ],
                        [
                            -1.16,
                            42.81
                        ],
                        [
                            -1.16,
                            42.83
                        ],
                        [
                            -1.2,
                            42.87
                        ],
                        [
                            -1.23,
                            42.87
                        ],
                        [
                            -1.28,
                            42.81
                        ],
                        [
                            -1.34,
                            42.83
                        ],
                        [
                            -1.4,
                            42.84
                        ],
                        [
                            -1.42,
                            42.87
                        ],
                        [
                            -1.48,
                            42.88
                        ],
                        [
                            -1.59,
                            42.84
                        ],
                        [
                            -1.56,
                            42.95
                        ],
                        [
                            -1.55,
                            43.04
                        ]
                    ]
                ]
            },
            "properties": {
                "dia": 1,
                "priority": 1,
                "popup_html": "<h3>\ud83c\udf27\ufe0f Aviso de lluvias de nivel amarillo</h3><p><b>Titular:</b> Aviso de lluvias de nivel amarillo. Pirineo navarro</p><p><b>\u00c1rea:</b> Pirineo navarro</p><p><b>Nivel:</b> <span style='color:#f3f702; font-weight:bold;'>AMARILLO</span></p><hr><p><b>Descripci\u00f3n:</b> Precipitaci\u00f3n acumulada en una hora: 15 mm.</p><p><b>Instrucciones:</b> Est\u00e9 atento. Mant\u00e9ngase informado de la predicci\u00f3n meteorol\u00f3gica m\u00e1s actualizada. Se pueden producir da\u00f1os moderados a personas y bienes, especialmente a aquellos vulnerables o en zonas expuestas al fen\u00f3meno.</p><p><b>Inicio:</b> 28/09/2026 18:00</p><p><b>Fin:</b> 28/09/2026 23:59</p><p><a href='https://www.aemet.es/es/eltiempo/prediccion/avisos' target='_blank' style='color:#0078A8;'>Ver en AEMET</a></p>",
                "fillColor": "#f3f702"
            }
        },
        {
            "type": "Feature",
            "geometry": {
                "type": "Polygon",
                "coordinates": [
                    [
                        [
                            -1.55,
                            43.04
                        ],
                        [
                            -1.5,
                            43.06
                        ],
                        [
                            -1.47,
                            43.03
                        ],
                        [
                            -1.45,
                            43.05
                        ],
                        [
                            -1.35,
                            43.03
                        ],
                        [
                            -1.34,
                            43.09
                        ],
                        [
                            -1.25,
                            43.04
                        ],
                        [
                            -1.23,
                            43.06
                        ],
                        [
                            -1.13,
                            43.01
                        ],
                        [
                            -1.01,
                            42.99
                        ],
                        [
                            -0.94,
                            42.95
                        ],
                        [
                            -0.81,
                            42.95
                        ],
                        [
                            -0.75,
                            42.97
                        ],
                        [
                            -0.73,
                            42.92
                        ],
                        [
                            -0.78,
                            42.92
                        ],
                        [
                            -0.82,
                            42.9
                        ],
                        [
                            -0.81,
                            42.88
                        ],
                        [
                            -0.86,
                            42.85
                        ],
                        [
                            -0.85,
                            42.79
                        ],
                        [
                            -0.9,
                            42.74
                        ],
                        [
                            -0.95,
                            42.71
                        ],
                        [
                            -1.03,
                            42.7
                        ],
                        [
                            -1.05,
                            42.76
                        ],
                        [
                            -1.13,
                            42.78
                        ],
                        [
                            -1.16,
                            42.81
                        ],
                        [
                            -1.16,
                            42.83
                        ],
                        [
                            -1.2,
                            42.87
                        ],
                        [
                            -1.23,
                            42.87
                        ],
                        [
                            -1.28,
                            42.81
                        ],
                        [
                            -1.34,
                            42.83
                        ],
                        [
                            -1.4,
                            42.84
                        ],
                        [
                            -1.42,
                            42.87
                        ],
                        [
                            -1.48,
                            42.88
                        ],
                        [
                            -1.59,
                            42.84
                        ],
                        [
                            -1.56,
                            42.95
                        ],
                        [
                            -1.55,
                            43.04
                        ]
                    ]
                ]
            },
            "properties": {
                "dia": 1,
                "priority": 1,
                "popup_html": "<h3>\u26c8\ufe0f Aviso de tormentas de nivel amarillo</h3><p><b>Titular:</b> Aviso de tormentas de nivel amarillo. Pirineo navarro</p><p><b>\u00c1rea:</b> Pirineo navarro</p><p><b>Nivel:</b> <span style='color:#f3f702; font-weight:bold;'>AMARILLO</span></p><hr><p><b>Descripci\u00f3n:</b> </p><p><b>Instrucciones:</b> Est\u00e9 atento. Mant\u00e9ngase informado de la predicci\u00f3n meteorol\u00f3gica m\u00e1s actualizada. Se pueden producir da\u00f1os moderados a personas y bienes, especialmente a aquellos vulnerables o en zonas expuestas al fen\u00f3meno.</p><p><b>Inicio:</b> 28/09/2026 18:00</p><p><b>Fin:</b> 28/09/2026 23:59</p><p><a href='https://www.aemet.es/es/eltiempo/prediccion/avisos' target='_blank' style='color:#0078A8;'>Ver en AEMET</a></p>",
                "fillColor": "#f3f702"
            }
        },
        {
            "type": "Feature",
            "geometry": {
                "type": "Polygon",
                "coordinates": [
                    [
                        [
                            -7.29,
                            37.87
                        ],
                        [
                            -7.28,
                            37.9
                        ],
                        [
                            -7.25,
                            37.92
                        ],
                        [
                            -7.25,
                            37.95
                        ],
                        [
                            -7.26,
                            37.98
                        ],
                        [
                            -7.2,
                            38.0
                        ],
                        [
                            -7.15,
                            37.99
                        ],
                        [
                            -7.13,
                            38.03
                        ],
                        [
                            -7.1,
                            38.04
                        ],
                        [
                            -7.04,
                            38.02
                        ],
                        [
                            -7.0,
                            38.02
                        ],
                        [
                            -6.99,
                            38.1
                        ],
                        [
                            -6.96,
                            38.14
                        ],
                        [
                            -6.97,
                            38.16
                        ],
                        [
                            -6.93,
                            38.21
                        ],
                        [
                            -6.86,
                            38.18
                        ],
                        [
                            -6.79,
                            38.18
                        ],
                        [
                            -6.81,
                            38.12
                        ],
                        [
                            -6.77,
                            38.11
                        ],
                        [
                            -6.76,
                            38.09
                        ],
                        [
                            -6.62,
                            38.1
                        ],
                        [
                            -6.58,
                            38.05
                        ],
                        [
                            -6.59,
                            38.03
                        ],
                        [
                            -6.49,
                            38.02
                        ],
                        [
                            -6.41,
                            38.06
                        ],
                        [
                            -6.37,
                            38.05
                        ],
                        [
                            -6.36,
                            38.02
                        ],
                        [
                            -6.3,
                            37.98
                        ],
                        [
                            -6.21,
                            37.96
                        ],
                        [
                            -6.18,
                            37.94
                        ],
                        [
                            -6.14,
                            37.92
                        ],
                        [
                            -6.13,
                            37.9
                        ],
                        [
                            -6.16,
                            37.87
                        ],
                        [
                            -6.13,
                            37.83
                        ],
                        [
                            -6.13,
                            37.8
                        ],
                        [
                            -6.16,
                            37.79
                        ],
                        [
                            -6.2,
                            37.81
                        ],
                        [
                            -6.2,
                            37.77
                        ],
                        [
                            -6.31,
                            37.77
                        ],
                        [
                            -6.39,
                            37.75
                        ],
                        [
                            -6.45,
                            37.72
                        ],
                        [
                            -6.47,
                            37.73
                        ],
                        [
                            -6.5,
                            37.68
                        ],
                        [
                            -6.53,
                            37.65
                        ],
                        [
                            -6.5,
                            37.62
                        ],
                        [
                            -6.43,
                            37.62
                        ],
                        [
                            -6.45,
                            37.58
                        ],
                        [
                            -6.46,
                            37.52
                        ],
                        [
                            -6.49,
                            37.5
                        ],
                        [
                            -6.57,
                            37.53
                        ],
                        [
                            -6.64,
                            37.58
                        ],
                        [
                            -6.67,
                            37.58
                        ],
                        [
                            -6.71,
                            37.61
                        ],
                        [
                            -6.82,
                            37.63
                        ],
                        [
                            -6.81,
                            37.7
                        ],
                        [
                            -6.85,
                            37.72
                        ],
                        [
                            -6.86,
                            37.77
                        ],
                        [
                            -6.89,
                            37.77
                        ],
                        [
                            -6.93,
                            37.8
                        ],
                        [
                            -7.01,
                            37.78
                        ],
                        [
                            -7.04,
                            37.79
                        ],
                        [
                            -7.04,
                            37.81
                        ],
                        [
                            -7.07,
                            37.84
                        ],
                        [
                            -7.12,
                            37.83
                        ],
                        [
                            -7.15,
                            37.85
                        ],
                        [
                            -7.23,
                            37.85
                        ],
                        [
                            -7.29,
                            37.87
                        ]
                    ]
                ]
            },
            "properties": {
                "dia": 1,
                "priority": 1,
                "popup_html": "<h3>\u26c8\ufe0f Aviso de tormentas de nivel amarillo</h3><p><b>Titular:</b> Aviso de tormentas de nivel amarillo. Aracena</p><p><b>\u00c1rea:</b> Aracena</p><p><b>Nivel:</b> <span style='color:#f3f702; font-weight:bold;'>AMARILLO</span></p><hr><p><b>Descripci\u00f3n:</b> Probable granizo.</p><p><b>Instrucciones:</b> Est\u00e9 atento. Mant\u00e9ngase informado de la predicci\u00f3n meteorol\u00f3gica m\u00e1s actualizada. Se pueden producir da\u00f1os moderados a personas y bienes, especialmente a aquellos vulnerables o en zonas expuestas al fen\u00f3meno.</p><p><b>Inicio:</b> 28/09/2026 14:00</p><p><b>Fin:</b> 28/09/2026 21:59</p><p><a href='https://www.aemet.es/es/eltiempo/prediccion/avisos' target='_blank' style='color:#0078A8;'>Ver en AEMET</a></p>",
                "fillColor": "#f3f702"
            }
        },
        {
            "type": "Feature",
            "geometry": {
                "type": "Polygon",
                "coordinates": [
                    [
                        [
                            -9.42,
                            43.46
                        ],
                        [
                            -9.34,
                            43.48
                        ],
                        [
                            -9.31,
                            43.51
                        ],
                        [
                            -9.12,
                            43.63
                        ],
                        [
                            -9.04,
                            43.66
                        ],
                        [
                            -8.96,
                            43.69
                        ],
                        [
                            -8.87,
                            43.69
                        ],
                        [
                            -8.74,
                            43.69
                        ],
                        [
                            -8.71,
                            43.73
                        ],
                        [
                            -8.66,
                            43.79
                        ],
                        [
                            -8.59,
                            43.84
                        ],
                        [
                            -8.44,
                            43.89
                        ],
                        [
                            -8.36,
                            43.96
                        ],
                        [
                            -8.29,
                            43.99
                        ],
                        [
                            -8.13,
                            44.06
                        ],
                        [
                            -8.04,
                            44.09
                        ],
                        [
                            -7.95,
                            44.1
                        ],
                        [
                            -7.85,
                            44.1
                        ],
                        [
                            -7.79,
                            44.11
                        ],
                        [
                            -7.7,
                            44.12
                        ],
                        [
                            -7.6,
                            44.12
                        ],
                        [
                            -7.61,
                            43.83
                        ],
                        [
                            -7.65,
                            43.77
                        ],
                        [
                            -7.7,
                            43.74
                        ],
                        [
                            -7.73,
                            43.75
                        ],
                        [
                            -7.79,
                            43.73
                        ],
                        [
                            -7.84,
                            43.67
                        ],
                        [
                            -7.88,
                            43.66
                        ],
                        [
                            -7.86,
                            43.76
                        ],
                        [
                            -7.9,
                            43.77
                        ],
                        [
                            -7.92,
                            43.74
                        ],
                        [
                            -8.0,
                            43.7
                        ],
                        [
                            -8.06,
                            43.71
                        ],
                        [
                            -8.07,
                            43.66
                        ],
                        [
                            -8.15,
                            43.62
                        ],
                        [
                            -8.32,
                            43.53
                        ],
                        [
                            -8.33,
                            43.48
                        ],
                        [
                            -8.26,
                            43.42
                        ],
                        [
                            -8.21,
                            43.42
                        ],
                        [
                            -8.21,
                            43.33
                        ],
                        [
                            -8.3,
                            43.4
                        ],
                        [
                            -8.34,
                            43.4
                        ],
                        [
                            -8.35,
                            43.35
                        ],
                        [
                            -8.38,
                            43.34
                        ],
                        [
                            -8.44,
                            43.38
                        ],
                        [
                            -8.51,
                            43.33
                        ],
                        [
                            -8.56,
                            43.31
                        ],
                        [
                            -8.59,
                            43.32
                        ],
                        [
                            -8.71,
                            43.29
                        ],
                        [
                            -8.77,
                            43.3
                        ],
                        [
                            -8.8,
                            43.33
                        ],
                        [
                            -8.91,
                            43.32
                        ],
                        [
                            -8.91,
                            43.29
                        ],
                        [
                            -8.96,
                            43.27
                        ],
                        [
                            -8.94,
                            43.23
                        ],
                        [
                            -8.98,
                            43.23
                        ],
                        [
                            -9.03,
                            43.22
                        ],
                        [
                            -9.08,
                            43.18
                        ],
                        [
                            -9.35,
                            43.39
                        ],
                        [
                            -9.42,
                            43.46
                        ]
                    ]
                ]
            },
            "properties": {
                "dia": 2,
                "priority": 1,
                "popup_html": "<h3>\ud83c\udf0a Aviso de costeros de nivel amarillo</h3><p><b>Titular:</b> Aviso de costeros de nivel amarillo. Costa - Noroeste de A Coru\u00f1a</p><p><b>\u00c1rea:</b> Costa - Noroeste de A Coru\u00f1a</p><p><b>Nivel:</b> <span style='color:#f3f702; font-weight:bold;'>AMARILLO</span></p><hr><p><b>Descripci\u00f3n:</b> Viento del Sur o Suroeste de 50 a 61 km/h (fuerza 7).</p><p><b>Instrucciones:</b> Est\u00e9 atento. Mant\u00e9ngase informado de la predicci\u00f3n meteorol\u00f3gica m\u00e1s actualizada. Se pueden producir da\u00f1os moderados a personas y bienes, especialmente a aquellos vulnerables o en zonas expuestas al fen\u00f3meno.</p><p><b>Inicio:</b> 29/09/2026 17:00</p><p><b>Fin:</b> 29/09/2026 22:59</p><p><a href='https://www.aemet.es/es/eltiempo/prediccion/avisos' target='_blank' style='color:#0078A8;'>Ver en AEMET</a></p>",
                "fillColor": "#f3f702"
            }
        },
        {
            "type": "Feature",
            "geometry": {
                "type": "Polygon",
                "coordinates": [
                    [
                        [
                            -9.42,
                            43.46
                        ],
                        [
                            -9.35,
                            43.39
                        ],
                        [
                            -9.08,
                            43.18
                        ],
                        [
                            -9.12,
                            43.2
                        ],
                        [
                            -9.2,
                            43.15
                        ],
                        [
                            -9.2,
                            43.13
                        ],
                        [
                            -9.16,
                            43.12
                        ],
                        [
                            -9.18,
                            43.09
                        ],
                        [
                            -9.22,
                            43.11
                        ],
                        [
                            -9.26,
                            43.05
                        ],
                        [
                            -9.29,
                            43.05
                        ],
                        [
                            -9.26,
                            42.97
                        ],
                        [
                            -9.29,
                            42.93
                        ],
                        [
                            -9.18,
                            42.92
                        ],
                        [
                            -9.13,
                            42.9
                        ],
                        [
                            -9.15,
                            42.87
                        ],
                        [
                            -9.11,
                            42.84
                        ],
                        [
                            -9.13,
                            42.79
                        ],
                        [
                            -9.12,
                            42.77
                        ],
                        [
                            -9.11,
                            42.76
                        ],
                        [
                            -9.54,
                            42.6
                        ],
                        [
                            -9.55,
                            42.62
                        ],
                        [
                            -9.61,
                            42.66
                        ],
                        [
                            -9.67,
                            42.72
                        ],
                        [
                            -9.7,
                            42.78
                        ],
                        [
                            -9.72,
                            42.84
                        ],
                        [
                            -9.72,
                            42.93
                        ],
                        [
                            -9.74,
                            43.01
                        ],
                        [
                            -9.75,
                            43.07
                        ],
                        [
                            -9.74,
                            43.13
                        ],
                        [
                            -9.71,
                            43.19
                        ],
                        [
                            -9.67,
                            43.24
                        ],
                        [
                            -9.64,
                            43.28
                        ],
                        [
                            -9.58,
                            43.36
                        ],
                        [
                            -9.52,
                            43.41
                        ],
                        [
                            -9.42,
                            43.46
                        ]
                    ]
                ]
            },
            "properties": {
                "dia": 2,
                "priority": 1,
                "popup_html": "<h3>\ud83c\udf0a Aviso de costeros de nivel amarillo</h3><p><b>Titular:</b> Aviso de costeros de nivel amarillo. Costa - Oeste de A Coru\u00f1a</p><p><b>\u00c1rea:</b> Costa - Oeste de A Coru\u00f1a</p><p><b>Nivel:</b> <span style='color:#f3f702; font-weight:bold;'>AMARILLO</span></p><hr><p><b>Descripci\u00f3n:</b> Viento del Sur o Sureste de 50 a 61 km/h (fuerza 7).</p><p><b>Instrucciones:</b> Est\u00e9 atento. Mant\u00e9ngase informado de la predicci\u00f3n meteorol\u00f3gica m\u00e1s actualizada. Se pueden producir da\u00f1os moderados a personas y bienes, especialmente a aquellos vulnerables o en zonas expuestas al fen\u00f3meno.</p><p><b>Inicio:</b> 29/09/2026 11:00</p><p><b>Fin:</b> 29/09/2026 22:59</p><p><a href='https://www.aemet.es/es/eltiempo/prediccion/avisos' target='_blank' style='color:#0078A8;'>Ver en AEMET</a></p>",
                "fillColor": "#f3f702"
            }
        },
        {
            "type": "Feature",
            "geometry": {
                "type": "Polygon",
                "coordinates": [
                    [
                        [
                            -2.5,
                            42.62
                        ],
                        [
                            -2.41,
                            42.66
                        ],
                        [
                            -2.35,
                            42.63
                        ],
                        [
                            -2.31,
                            42.67
                        ],
                        [
                            -2.32,
                            42.72
                        ],
                        [
                            -2.27,
                            42.74
                        ],
                        [
                            -2.27,
                            42.81
                        ],
                        [
                            -2.23,
                            42.84
                        ],
                        [
                            -2.25,
                            42.9
                        ],
                        [
                            -2.21,
                            42.95
                        ],
                        [
                            -2.18,
                            42.94
                        ],
                        [
                            -2.12,
                            42.94
                        ],
                        [
                            -2.09,
                            42.97
                        ],
                        [
                            -2.04,
                            42.98
                        ],
                        [
                            -2.04,
                            43.03
                        ],
                        [
                            -2.02,
                            43.07
                        ],
                        [
                            -1.95,
                            43.1
                        ],
                        [
                            -1.93,
                            43.06
                        ],
                        [
                            -1.88,
                            43.06
                        ],
                        [
                            -1.86,
                            43.08
                        ],
                        [
                            -1.8,
                            43.06
                        ],
                        [
                            -1.71,
                            43.05
                        ],
                        [
                            -1.67,
                            43.06
                        ],
                        [
                            -1.63,
                            43.04
                        ],
                        [
                            -1.55,
                            43.04
                        ],
                        [
                            -1.56,
                            42.95
                        ],
                        [
                            -1.59,
                            42.84
                        ],
                        [
                            -1.48,
                            42.88
                        ],
                        [
                            -1.42,
                            42.87
                        ],
                        [
                            -1.4,
                            42.84
                        ],
                        [
                            -1.34,
                            42.83
                        ],
                        [
                            -1.28,
                            42.81
                        ],
                        [
                            -1.23,
                            42.87
                        ],
                        [
                            -1.2,
                            42.87
                        ],
                        [
                            -1.16,
                            42.83
                        ],
                        [
                            -1.16,
                            42.81
                        ],
                        [
                            -1.13,
                            42.78
                        ],
                        [
                            -1.05,
                            42.76
                        ],
                        [
                            -1.03,
                            42.7
                        ],
                        [
                            -1.04,
                            42.65
                        ],
                        [
                            -1.15,
                            42.65
                        ],
                        [
                            -1.16,
                            42.61
                        ],
                        [
                            -1.22,
                            42.54
                        ],
                        [
                            -1.26,
                            42.56
                        ],
                        [
                            -1.29,
                            42.52
                        ],
                        [
                            -1.27,
                            42.48
                        ],
                        [
                            -1.29,
                            42.46
                        ],
                        [
                            -1.34,
                            42.42
                        ],
                        [
                            -1.36,
                            42.38
                        ],
                        [
                            -1.33,
                            42.36
                        ],
                        [
                            -1.4,
                            42.29
                        ],
                        [
                            -1.43,
                            42.32
                        ],
                        [
                            -1.48,
                            42.32
                        ],
                        [
                            -1.51,
                            42.34
                        ],
                        [
                            -1.54,
                            42.32
                        ],
                        [
                            -1.59,
                            42.38
                        ],
                        [
                            -1.62,
                            42.41
                        ],
                        [
                            -1.66,
                            42.39
                        ],
                        [
                            -1.7,
                            42.38
                        ],
                        [
                            -1.71,
                            42.42
                        ],
                        [
                            -1.76,
                            42.46
                        ],
                        [
                            -1.79,
                            42.51
                        ],
                        [
                            -1.84,
                            42.53
                        ],
                        [
                            -1.91,
                            42.5
                        ],
                        [
                            -1.93,
                            42.53
                        ],
                        [
                            -1.97,
                            42.53
                        ],
                        [
                            -1.97,
                            42.56
                        ],
                        [
                            -2.0,
                            42.58
                        ],
                        [
                            -2.04,
                            42.55
                        ],
                        [
                            -2.04,
                            42.5
                        ],
                        [
                            -2.09,
                            42.53
                        ],
                        [
                            -2.06,
                            42.59
                        ],
                        [
                            -2.08,
                            42.61
                        ],
                        [
                            -2.17,
                            42.55
                        ],
                        [
                            -2.16,
                            42.6
                        ],
                        [
                            -2.23,
                            42.57
                        ],
                        [
                            -2.26,
                            42.61
                        ],
                        [
                            -2.29,
                            42.58
                        ],
                        [
                            -2.4,
                            42.59
                        ],
                        [
                            -2.44,
                            42.58
                        ],
                        [
                            -2.49,
                            42.59
                        ],
                        [
                            -2.5,
                            42.62
                        ]
                    ]
                ]
            },
            "properties": {
                "dia": 1,
                "priority": 1,
                "popup_html": "<h3>\u26c8\ufe0f Aviso de tormentas de nivel amarillo</h3><p><b>Titular:</b> Aviso de tormentas de nivel amarillo. Centro de Navarra</p><p><b>\u00c1rea:</b> Centro de Navarra</p><p><b>Nivel:</b> <span style='color:#f3f702; font-weight:bold;'>AMARILLO</span></p><hr><p><b>Descripci\u00f3n:</b> </p><p><b>Instrucciones:</b> Est\u00e9 atento. Mant\u00e9ngase informado de la predicci\u00f3n meteorol\u00f3gica m\u00e1s actualizada. Se pueden producir da\u00f1os moderados a personas y bienes, especialmente a aquellos vulnerables o en zonas expuestas al fen\u00f3meno.</p><p><b>Inicio:</b> 28/09/2026 18:00</p><p><b>Fin:</b> 28/09/2026 23:59</p><p><a href='https://www.aemet.es/es/eltiempo/prediccion/avisos' target='_blank' style='color:#0078A8;'>Ver en AEMET</a></p>",
                "fillColor": "#f3f702"
            }
        },
        {
            "type": "Feature",
            "geometry": {
                "type": "Polygon",
                "coordinates": [
                    [
                        [
                            -3.38,
                            42.45
                        ],
                        [
                            -3.29,
                            42.42
                        ],
                        [
                            -3.29,
                            42.38
                        ],
                        [
                            -3.24,
                            42.37
                        ],
                        [
                            -3.17,
                            42.39
                        ],
                        [
                            -3.11,
                            42.35
                        ],
                        [
                            -3.09,
                            42.25
                        ],
                        [
                            -3.13,
                            42.2
                        ],
                        [
                            -3.06,
                            42.13
                        ],
                        [
                            -3.03,
                            42.09
                        ],
                        [
                            -2.93,
                            42.08
                        ],
                        [
                            -2.91,
                            42.02
                        ],
                        [
                            -2.93,
                            42.02
                        ],
                        [
                            -3.0,
                            41.93
                        ],
                        [
                            -3.02,
                            41.89
                        ],
                        [
                            -3.06,
                            41.89
                        ],
                        [
                            -3.09,
                            41.88
                        ],
                        [
                            -3.14,
                            41.81
                        ],
                        [
                            -3.17,
                            41.79
                        ],
                        [
                            -3.19,
                            41.83
                        ],
                        [
                            -3.23,
                            41.84
                        ],
                        [
                            -3.24,
                            41.86
                        ],
                        [
                            -3.29,
                            41.88
                        ],
                        [
                            -3.39,
                            41.91
                        ],
                        [
                            -3.42,
                            41.9
                        ],
                        [
                            -3.44,
                            41.92
                        ],
                        [
                            -3.49,
                            41.92
                        ],
                        [
                            -3.5,
                            41.94
                        ],
                        [
                            -3.55,
                            41.93
                        ],
                        [
                            -3.59,
                            41.94
                        ],
                        [
                            -3.59,
                            41.97
                        ],
                        [
                            -3.5,
                            41.97
                        ],
                        [
                            -3.47,
                            42.01
                        ],
                        [
                            -3.49,
                            42.05
                        ],
                        [
                            -3.5,
                            42.09
                        ],
                        [
                            -3.52,
                            42.13
                        ],
                        [
                            -3.61,
                            42.11
                        ],
                        [
                            -3.61,
                            42.13
                        ],
                        [
                            -3.62,
                            42.18
                        ],
                        [
                            -3.57,
                            42.16
                        ],
                        [
                            -3.54,
                            42.13
                        ],
                        [
                            -3.51,
                            42.18
                        ],
                        [
                            -3.49,
                            42.2
                        ],
                        [
                            -3.48,
                            42.23
                        ],
                        [
                            -3.4,
                            42.21
                        ],
                        [
                            -3.35,
                            42.22
                        ],
                        [
                            -3.35,
                            42.25
                        ],
                        [
                            -3.4,
                            42.24
                        ],
                        [
                            -3.44,
                            42.28
                        ],
                        [
                            -3.51,
                            42.25
                        ],
                        [
                            -3.51,
                            42.28
                        ],
                        [
                            -3.45,
                            42.3
                        ],
                        [
                            -3.5,
                            42.32
                        ],
                        [
                            -3.51,
                            42.35
                        ],
                        [
                            -3.48,
                            42.39
                        ],
                        [
                            -3.44,
                            42.42
                        ],
                        [
                            -3.42,
                            42.38
                        ],
                        [
                            -3.39,
                            42.39
                        ],
                        [
                            -3.41,
                            42.42
                        ],
                        [
                            -3.38,
                            42.45
                        ]
                    ]
                ]
            },
            "properties": {
                "dia": 0,
                "priority": 1,
                "popup_html": "<h3>\u26c8\ufe0f Aviso de tormentas de nivel amarillo</h3><p><b>Titular:</b> Aviso de tormentas de nivel amarillo. Ib\u00e9rica de Burgos</p><p><b>\u00c1rea:</b> Ib\u00e9rica de Burgos</p><p><b>Nivel:</b> <span style='color:#f3f702; font-weight:bold;'>AMARILLO</span></p><hr><p><b>Descripci\u00f3n:</b> Probable granizo.</p><p><b>Instrucciones:</b> Est\u00e9 atento. Mant\u00e9ngase informado de la predicci\u00f3n meteorol\u00f3gica m\u00e1s actualizada. Se pueden producir da\u00f1os moderados a personas y bienes, especialmente a aquellos vulnerables o en zonas expuestas al fen\u00f3meno.</p><p><b>Inicio:</b> 27/09/2026 18:00</p><p><b>Fin:</b> 27/09/2026 23:59</p><p><a href='https://www.aemet.es/es/eltiempo/prediccion/avisos' target='_blank' style='color:#0078A8;'>Ver en AEMET</a></p>",
                "fillColor": "#f3f702"
            }
        },
        {
            "type": "Feature",
            "geometry": {
                "type": "Polygon",
                "coordinates": [
                    [
                        [
                            -3.51,
                            43.14
                        ],
                        [
                            -3.42,
                            43.13
                        ],
                        [
                            -3.35,
                            43.15
                        ],
                        [
                            -3.28,
                            43.19
                        ],
                        [
                            -3.22,
                            43.17
                        ],
                        [
                            -3.15,
                            43.17
                        ],
                        [
                            -3.14,
                            43.16
                        ],
                        [
                            -3.18,
                            43.12
                        ],
                        [
                            -3.13,
                            43.1
                        ],
                        [
                            -3.14,
                            43.01
                        ],
                        [
                            -3.09,
                            43.0
                        ],
                        [
                            -3.04,
                            42.98
                        ],
                        [
                            -2.98,
                            42.94
                        ],
                        [
                            -3.02,
                            42.91
                        ],
                        [
                            -3.09,
                            42.9
                        ],
                        [
                            -3.13,
                            42.9
                        ],
                        [
                            -3.15,
                            42.93
                        ],
                        [
                            -3.22,
                            42.95
                        ],
                        [
                            -3.28,
                            42.88
                        ],
                        [
                            -3.22,
                            42.83
                        ],
                        [
                            -3.19,
                            42.87
                        ],
                        [
                            -3.15,
                            42.86
                        ],
                        [
                            -3.16,
                            42.8
                        ],
                        [
                            -3.11,
                            42.76
                        ],
                        [
                            -3.08,
                            42.77
                        ],
                        [
                            -3.04,
                            42.74
                        ],
                        [
                            -3.02,
                            42.74
                        ],
                        [
                            -2.99,
                            42.71
                        ],
                        [
                            -2.93,
                            42.71
                        ],
                        [
                            -2.9,
                            42.69
                        ],
                        [
                            -2.89,
                            42.65
                        ],
                        [
                            -2.86,
                            42.64
                        ],
                        [
                            -2.88,
                            42.63
                        ],
                        [
                            -3.0,
                            42.64
                        ],
                        [
                            -3.08,
                            42.63
                        ],
                        [
                            -3.06,
                            42.6
                        ],
                        [
                            -3.09,
                            42.57
                        ],
                        [
                            -3.13,
                            42.54
                        ],
                        [
                            -3.07,
                            42.53
                        ],
                        [
                            -3.07,
                            42.48
                        ],
                        [
                            -3.04,
                            42.45
                        ],
                        [
                            -3.06,
                            42.43
                        ],
                        [
                            -3.05,
                            42.37
                        ],
                        [
                            -3.06,
                            42.37
                        ],
                        [
                            -3.07,
                            42.37
                        ],
                        [
                            -3.11,
                            42.35
                        ],
                        [
                            -3.17,
                            42.39
                        ],
                        [
                            -3.24,
                            42.37
                        ],
                        [
                            -3.29,
                            42.38
                        ],
                        [
                            -3.29,
                            42.42
                        ],
                        [
                            -3.38,
                            42.45
                        ],
                        [
                            -3.43,
                            42.46
                        ],
                        [
                            -3.44,
                            42.5
                        ],
                        [
                            -3.41,
                            42.51
                        ],
                        [
                            -3.35,
                            42.55
                        ],
                        [
                            -3.34,
                            42.58
                        ],
                        [
                            -3.42,
                            42.57
                        ],
                        [
                            -3.45,
                            42.55
                        ],
                        [
                            -3.48,
                            42.57
                        ],
                        [
                            -3.52,
                            42.57
                        ],
                        [
                            -3.56,
                            42.59
                        ],
                        [
                            -3.62,
                            42.59
                        ],
                        [
                            -3.61,
                            42.68
                        ],
                        [
                            -3.53,
                            42.69
                        ],
                        [
                            -3.49,
                            42.78
                        ],
                        [
                            -3.62,
                            42.79
                        ],
                        [
                            -3.62,
                            42.81
                        ],
                        [
                            -3.65,
                            42.84
                        ],
                        [
                            -3.65,
                            42.87
                        ],
                        [
                            -3.71,
                            42.88
                        ],
                        [
                            -3.74,
                            42.84
                        ],
                        [
                            -3.77,
                            42.85
                        ],
                        [
                            -3.77,
                            42.9
                        ],
                        [
                            -3.73,
                            42.91
                        ],
                        [
                            -3.72,
                            42.93
                        ],
                        [
                            -3.66,
                            42.95
                        ],
                        [
                            -3.63,
                            42.99
                        ],
                        [
                            -3.58,
                            42.99
                        ],
                        [
                            -3.51,
                            43.07
                        ],
                        [
                            -3.52,
                            43.1
                        ],
                        [
                            -3.51,
                            43.14
                        ]
                    ]
                ]
            },
            "properties": {
                "dia": 0,
                "priority": 1,
                "popup_html": "<h3>\u26c8\ufe0f Aviso de tormentas de nivel amarillo</h3><p><b>Titular:</b> Aviso de tormentas de nivel amarillo. Norte de Burgos</p><p><b>\u00c1rea:</b> Norte de Burgos</p><p><b>Nivel:</b> <span style='color:#f3f702; font-weight:bold;'>AMARILLO</span></p><hr><p><b>Descripci\u00f3n:</b> Probable granizo.</p><p><b>Instrucciones:</b> Est\u00e9 atento. Mant\u00e9ngase informado de la predicci\u00f3n meteorol\u00f3gica m\u00e1s actualizada. Se pueden producir da\u00f1os moderados a personas y bienes, especialmente a aquellos vulnerables o en zonas expuestas al fen\u00f3meno.</p><p><b>Inicio:</b> 27/09/2026 18:00</p><p><b>Fin:</b> 27/09/2026 23:59</p><p><a href='https://www.aemet.es/es/eltiempo/prediccion/avisos' target='_blank' style='color:#0078A8;'>Ver en AEMET</a></p>",
                "fillColor": "#f3f702"
            }
        },
        {
            "type": "Feature",
            "geometry": {
                "type": "Polygon",
                "coordinates": [
                    [
                        [
                            -2.5,
                            42.62
                        ],
                        [
                            -2.41,
                            42.66
                        ],
                        [
                            -2.35,
                            42.63
                        ],
                        [
                            -2.31,
                            42.67
                        ],
                        [
                            -2.32,
                            42.72
                        ],
                        [
                            -2.27,
                            42.74
                        ],
                        [
                            -2.27,
                            42.81
                        ],
                        [
                            -2.23,
                            42.84
                        ],
                        [
                            -2.25,
                            42.9
                        ],
                        [
                            -2.21,
                            42.95
                        ],
                        [
                            -2.18,
                            42.94
                        ],
                        [
                            -2.12,
                            42.94
                        ],
                        [
                            -2.09,
                            42.97
                        ],
                        [
                            -2.04,
                            42.98
                        ],
                        [
                            -2.04,
                            43.03
                        ],
                        [
                            -2.02,
                            43.07
                        ],
                        [
                            -1.95,
                            43.1
                        ],
                        [
                            -1.93,
                            43.06
                        ],
                        [
                            -1.88,
                            43.06
                        ],
                        [
                            -1.86,
                            43.08
                        ],
                        [
                            -1.8,
                            43.06
                        ],
                        [
                            -1.71,
                            43.05
                        ],
                        [
                            -1.67,
                            43.06
                        ],
                        [
                            -1.63,
                            43.04
                        ],
                        [
                            -1.55,
                            43.04
                        ],
                        [
                            -1.56,
                            42.95
                        ],
                        [
                            -1.59,
                            42.84
                        ],
                        [
                            -1.48,
                            42.88
                        ],
                        [
                            -1.42,
                            42.87
                        ],
                        [
                            -1.4,
                            42.84
                        ],
                        [
                            -1.34,
                            42.83
                        ],
                        [
                            -1.28,
                            42.81
                        ],
                        [
                            -1.23,
                            42.87
                        ],
                        [
                            -1.2,
                            42.87
                        ],
                        [
                            -1.16,
                            42.83
                        ],
                        [
                            -1.16,
                            42.81
                        ],
                        [
                            -1.13,
                            42.78
                        ],
                        [
                            -1.05,
                            42.76
                        ],
                        [
                            -1.03,
                            42.7
                        ],
                        [
                            -1.04,
                            42.65
                        ],
                        [
                            -1.15,
                            42.65
                        ],
                        [
                            -1.16,
                            42.61
                        ],
                        [
                            -1.22,
                            42.54
                        ],
                        [
                            -1.26,
                            42.56
                        ],
                        [
                            -1.29,
                            42.52
                        ],
                        [
                            -1.27,
                            42.48
                        ],
                        [
                            -1.29,
                            42.46
                        ],
                        [
                            -1.34,
                            42.42
                        ],
                        [
                            -1.36,
                            42.38
                        ],
                        [
                            -1.33,
                            42.36
                        ],
                        [
                            -1.4,
                            42.29
                        ],
                        [
                            -1.43,
                            42.32
                        ],
                        [
                            -1.48,
                            42.32
                        ],
                        [
                            -1.51,
                            42.34
                        ],
                        [
                            -1.54,
                            42.32
                        ],
                        [
                            -1.59,
                            42.38
                        ],
                        [
                            -1.62,
                            42.41
                        ],
                        [
                            -1.66,
                            42.39
                        ],
                        [
                            -1.7,
                            42.38
                        ],
                        [
                            -1.71,
                            42.42
                        ],
                        [
                            -1.76,
                            42.46
                        ],
                        [
                            -1.79,
                            42.51
                        ],
                        [
                            -1.84,
                            42.53
                        ],
                        [
                            -1.91,
                            42.5
                        ],
                        [
                            -1.93,
                            42.53
                        ],
                        [
                            -1.97,
                            42.53
                        ],
                        [
                            -1.97,
                            42.56
                        ],
                        [
                            -2.0,
                            42.58
                        ],
                        [
                            -2.04,
                            42.55
                        ],
                        [
                            -2.04,
                            42.5
                        ],
                        [
                            -2.09,
                            42.53
                        ],
                        [
                            -2.06,
                            42.59
                        ],
                        [
                            -2.08,
                            42.61
                        ],
                        [
                            -2.17,
                            42.55
                        ],
                        [
                            -2.16,
                            42.6
                        ],
                        [
                            -2.23,
                            42.57
                        ],
                        [
                            -2.26,
                            42.61
                        ],
                        [
                            -2.29,
                            42.58
                        ],
                        [
                            -2.4,
                            42.59
                        ],
                        [
                            -2.44,
                            42.58
                        ],
                        [
                            -2.49,
                            42.59
                        ],
                        [
                            -2.5,
                            42.62
                        ]
                    ]
                ]
            },
            "properties": {
                "dia": 1,
                "priority": 1,
                "popup_html": "<h3>\ud83c\udf27\ufe0f Aviso de lluvias de nivel amarillo</h3><p><b>Titular:</b> Aviso de lluvias de nivel amarillo. Centro de Navarra</p><p><b>\u00c1rea:</b> Centro de Navarra</p><p><b>Nivel:</b> <span style='color:#f3f702; font-weight:bold;'>AMARILLO</span></p><hr><p><b>Descripci\u00f3n:</b> Precipitaci\u00f3n acumulada en una hora: 15 mm.</p><p><b>Instrucciones:</b> Est\u00e9 atento. Mant\u00e9ngase informado de la predicci\u00f3n meteorol\u00f3gica m\u00e1s actualizada. Se pueden producir da\u00f1os moderados a personas y bienes, especialmente a aquellos vulnerables o en zonas expuestas al fen\u00f3meno.</p><p><b>Inicio:</b> 28/09/2026 18:00</p><p><b>Fin:</b> 28/09/2026 23:59</p><p><a href='https://www.aemet.es/es/eltiempo/prediccion/avisos' target='_blank' style='color:#0078A8;'>Ver en AEMET</a></p>",
                "fillColor": "#f3f702"
            }
        },
        {
            "type": "Feature",
            "geometry": {
                "type": "Polygon",
                "coordinates": [
                    [
                        [
                            -2.54,
                            42.64
                        ],
                        [
                            -2.58,
                            42.65
                        ],
                        [
                            -2.63,
                            42.65
                        ],
                        [
                            -2.7,
                            42.68
                        ],
                        [
                            -2.74,
                            42.66
                        ],
                        [
                            -2.77,
                            42.67
                        ],
                        [
                            -2.78,
                            42.7
                        ],
                        [
                            -2.82,
                            42.71
                        ],
                        [
                            -2.86,
                            42.75
                        ],
                        [
                            -2.85,
                            42.77
                        ],
                        [
                            -2.81,
                            42.79
                        ],
                        [
                            -2.73,
                            42.79
                        ],
                        [
                            -2.63,
                            42.77
                        ],
                        [
                            -2.6,
                            42.77
                        ],
                        [
                            -2.56,
                            42.74
                        ],
                        [
                            -2.59,
                            42.71
                        ],
                        [
                            -2.58,
                            42.67
                        ],
                        [
                            -2.55,
                            42.67
                        ],
                        [
                            -2.54,
                            42.64
                        ]
                    ]
                ]
            },
            "properties": {
                "dia": 0,
                "priority": 1,
                "popup_html": "<h3>\u26c8\ufe0f Aviso de tormentas de nivel amarillo</h3><p><b>Titular:</b> Aviso de tormentas de nivel amarillo. Condado de Trevi\u00f1o</p><p><b>\u00c1rea:</b> Condado de Trevi\u00f1o</p><p><b>Nivel:</b> <span style='color:#f3f702; font-weight:bold;'>AMARILLO</span></p><hr><p><b>Descripci\u00f3n:</b> Probable granizo.</p><p><b>Instrucciones:</b> Est\u00e9 atento. Mant\u00e9ngase informado de la predicci\u00f3n meteorol\u00f3gica m\u00e1s actualizada. Se pueden producir da\u00f1os moderados a personas y bienes, especialmente a aquellos vulnerables o en zonas expuestas al fen\u00f3meno.</p><p><b>Inicio:</b> 27/09/2026 18:00</p><p><b>Fin:</b> 27/09/2026 23:59</p><p><a href='https://www.aemet.es/es/eltiempo/prediccion/avisos' target='_blank' style='color:#0078A8;'>Ver en AEMET</a></p>",
                "fillColor": "#f3f702"
            }
        },
        {
            "type": "Feature",
            "geometry": {
                "type": "Polygon",
                "coordinates": [
                    [
                        [
                            -7.29,
                            37.87
                        ],
                        [
                            -7.28,
                            37.9
                        ],
                        [
                            -7.25,
                            37.92
                        ],
                        [
                            -7.25,
                            37.95
                        ],
                        [
                            -7.26,
                            37.98
                        ],
                        [
                            -7.2,
                            38.0
                        ],
                        [
                            -7.15,
                            37.99
                        ],
                        [
                            -7.13,
                            38.03
                        ],
                        [
                            -7.1,
                            38.04
                        ],
                        [
                            -7.04,
                            38.02
                        ],
                        [
                            -7.0,
                            38.02
                        ],
                        [
                            -6.99,
                            38.1
                        ],
                        [
                            -6.96,
                            38.14
                        ],
                        [
                            -6.97,
                            38.16
                        ],
                        [
                            -6.93,
                            38.21
                        ],
                        [
                            -6.86,
                            38.18
                        ],
                        [
                            -6.79,
                            38.18
                        ],
                        [
                            -6.81,
                            38.12
                        ],
                        [
                            -6.77,
                            38.11
                        ],
                        [
                            -6.76,
                            38.09
                        ],
                        [
                            -6.62,
                            38.1
                        ],
                        [
                            -6.58,
                            38.05
                        ],
                        [
                            -6.59,
                            38.03
                        ],
                        [
                            -6.49,
                            38.02
                        ],
                        [
                            -6.41,
                            38.06
                        ],
                        [
                            -6.37,
                            38.05
                        ],
                        [
                            -6.36,
                            38.02
                        ],
                        [
                            -6.3,
                            37.98
                        ],
                        [
                            -6.21,
                            37.96
                        ],
                        [
                            -6.18,
                            37.94
                        ],
                        [
                            -6.14,
                            37.92
                        ],
                        [
                            -6.13,
                            37.9
                        ],
                        [
                            -6.16,
                            37.87
                        ],
                        [
                            -6.13,
                            37.83
                        ],
                        [
                            -6.13,
                            37.8
                        ],
                        [
                            -6.16,
                            37.79
                        ],
                        [
                            -6.2,
                            37.81
                        ],
                        [
                            -6.2,
                            37.77
                        ],
                        [
                            -6.31,
                            37.77
                        ],
                        [
                            -6.39,
                            37.75
                        ],
                        [
                            -6.45,
                            37.72
                        ],
                        [
                            -6.47,
                            37.73
                        ],
                        [
                            -6.5,
                            37.68
                        ],
                        [
                            -6.53,
                            37.65
                        ],
                        [
                            -6.5,
                            37.62
                        ],
                        [
                            -6.43,
                            37.62
                        ],
                        [
                            -6.45,
                            37.58
                        ],
                        [
                            -6.46,
                            37.52
                        ],
                        [
                            -6.49,
                            37.5
                        ],
                        [
                            -6.57,
                            37.53
                        ],
                        [
                            -6.64,
                            37.58
                        ],
                        [
                            -6.67,
                            37.58
                        ],
                        [
                            -6.71,
                            37.61
                        ],
                        [
                            -6.82,
                            37.63
                        ],
                        [
                            -6.81,
                            37.7
                        ],
                        [
                            -6.85,
                            37.72
                        ],
                        [
                            -6.86,
                            37.77
                        ],
                        [
                            -6.89,
                            37.77
                        ],
                        [
                            -6.93,
                            37.8
                        ],
                        [
                            -7.01,
                            37.78
                        ],
                        [
                            -7.04,
                            37.79
                        ],
                        [
                            -7.04,
                            37.81
                        ],
                        [
                            -7.07,
                            37.84
                        ],
                        [
                            -7.12,
                            37.83
                        ],
                        [
                            -7.15,
                            37.85
                        ],
                        [
                            -7.23,
                            37.85
                        ],
                        [
                            -7.29,
                            37.87
                        ]
                    ]
                ]
            },
            "properties": {
                "dia": 1,
                "priority": 1,
                "popup_html": "<h3>\ud83c\udf27\ufe0f Aviso de lluvias de nivel amarillo</h3><p><b>Titular:</b> Aviso de lluvias de nivel amarillo. Aracena</p><p><b>\u00c1rea:</b> Aracena</p><p><b>Nivel:</b> <span style='color:#f3f702; font-weight:bold;'>AMARILLO</span></p><hr><p><b>Descripci\u00f3n:</b> Precipitaci\u00f3n acumulada en una hora: 15 mm.</p><p><b>Instrucciones:</b> Est\u00e9 atento. Mant\u00e9ngase informado de la predicci\u00f3n meteorol\u00f3gica m\u00e1s actualizada. Se pueden producir da\u00f1os moderados a personas y bienes, especialmente a aquellos vulnerables o en zonas expuestas al fen\u00f3meno.</p><p><b>Inicio:</b> 28/09/2026 14:00</p><p><b>Fin:</b> 28/09/2026 21:59</p><p><a href='https://www.aemet.es/es/eltiempo/prediccion/avisos' target='_blank' style='color:#0078A8;'>Ver en AEMET</a></p>",
                "fillColor": "#f3f702"
            }
        },
        {
            "type": "Feature",
            "geometry": {
                "type": "Polygon",
                "coordinates": [
                    [
                        [
                            -1.55,
                            43.04
                        ],
                        [
                            -1.5,
                            43.06
                        ],
                        [
                            -1.47,
                            43.03
                        ],
                        [
                            -1.45,
                            43.05
                        ],
                        [
                            -1.35,
                            43.03
                        ],
                        [
                            -1.34,
                            43.09
                        ],
                        [
                            -1.25,
                            43.04
                        ],
                        [
                            -1.23,
                            43.06
                        ],
                        [
                            -1.13,
                            43.01
                        ],
                        [
                            -1.01,
                            42.99
                        ],
                        [
                            -0.94,
                            42.95
                        ],
                        [
                            -0.81,
                            42.95
                        ],
                        [
                            -0.75,
                            42.97
                        ],
                        [
                            -0.73,
                            42.92
                        ],
                        [
                            -0.78,
                            42.92
                        ],
                        [
                            -0.82,
                            42.9
                        ],
                        [
                            -0.81,
                            42.88
                        ],
                        [
                            -0.86,
                            42.85
                        ],
                        [
                            -0.85,
                            42.79
                        ],
                        [
                            -0.9,
                            42.74
                        ],
                        [
                            -0.95,
                            42.71
                        ],
                        [
                            -1.03,
                            42.7
                        ],
                        [
                            -1.05,
                            42.76
                        ],
                        [
                            -1.13,
                            42.78
                        ],
                        [
                            -1.16,
                            42.81
                        ],
                        [
                            -1.16,
                            42.83
                        ],
                        [
                            -1.2,
                            42.87
                        ],
                        [
                            -1.23,
                            42.87
                        ],
                        [
                            -1.28,
                            42.81
                        ],
                        [
                            -1.34,
                            42.83
                        ],
                        [
                            -1.4,
                            42.84
                        ],
                        [
                            -1.42,
                            42.87
                        ],
                        [
                            -1.48,
                            42.88
                        ],
                        [
                            -1.59,
                            42.84
                        ],
                        [
                            -1.56,
                            42.95
                        ],
                        [
                            -1.55,
                            43.04
                        ]
                    ]
                ]
            },
            "properties": {
                "dia": 2,
                "priority": 1,
                "popup_html": "<h3>\ud83c\udf27\ufe0f Aviso de lluvias de nivel amarillo</h3><p><b>Titular:</b> Aviso de lluvias de nivel amarillo. Pirineo navarro</p><p><b>\u00c1rea:</b> Pirineo navarro</p><p><b>Nivel:</b> <span style='color:#f3f702; font-weight:bold;'>AMARILLO</span></p><hr><p><b>Descripci\u00f3n:</b> Precipitaci\u00f3n acumulada en una hora: 15 mm.</p><p><b>Instrucciones:</b> Est\u00e9 atento. Mant\u00e9ngase informado de la predicci\u00f3n meteorol\u00f3gica m\u00e1s actualizada. Se pueden producir da\u00f1os moderados a personas y bienes, especialmente a aquellos vulnerables o en zonas expuestas al fen\u00f3meno.</p><p><b>Inicio:</b> 29/09/2026 00:00</p><p><b>Fin:</b> 29/09/2026 05:59</p><p><a href='https://www.aemet.es/es/eltiempo/prediccion/avisos' target='_blank' style='color:#0078A8;'>Ver en AEMET</a></p>",
                "fillColor": "#f3f702"
            }
        },
        {
            "type": "Feature",
            "geometry": {
                "type": "Polygon",
                "coordinates": [
                    [
                        [
                            -8.88,
                            41.96
                        ],
                        [
                            -8.88,
                            41.88
                        ],
                        [
                            -8.85,
                            41.88
                        ],
                        [
                            -8.83,
                            41.9
                        ],
                        [
                            -8.85,
                            41.87
                        ],
                        [
                            -8.92,
                            41.85
                        ],
                        [
                            -9.04,
                            41.83
                        ],
                        [
                            -9.12,
                            41.83
                        ],
                        [
                            -9.29,
                            41.83
                        ],
                        [
                            -9.31,
                            41.83
                        ],
                        [
                            -9.32,
                            41.9
                        ],
                        [
                            -9.21,
                            41.92
                        ],
                        [
                            -8.88,
                            41.96
                        ]
                    ]
                ]
            },
            "properties": {
                "dia": 2,
                "priority": 1,
                "popup_html": "<h3>\ud83c\udf0a Aviso de costeros de nivel amarillo</h3><p><b>Titular:</b> Aviso de costeros de nivel amarillo. Costa - Mi\u00f1o de Pontevedra</p><p><b>\u00c1rea:</b> Costa - Mi\u00f1o de Pontevedra</p><p><b>Nivel:</b> <span style='color:#f3f702; font-weight:bold;'>AMARILLO</span></p><hr><p><b>Descripci\u00f3n:</b> Viento del Sur o Sureste de 50 a 61 km/h (fuerza 7).</p><p><b>Instrucciones:</b> Est\u00e9 atento. Mant\u00e9ngase informado de la predicci\u00f3n meteorol\u00f3gica m\u00e1s actualizada. Se pueden producir da\u00f1os moderados a personas y bienes, especialmente a aquellos vulnerables o en zonas expuestas al fen\u00f3meno.</p><p><b>Inicio:</b> 29/09/2026 11:00</p><p><b>Fin:</b> 29/09/2026 22:59</p><p><a href='https://www.aemet.es/es/eltiempo/prediccion/avisos' target='_blank' style='color:#0078A8;'>Ver en AEMET</a></p>",
                "fillColor": "#f3f702"
            }
        },
        {
            "type": "Feature",
            "geometry": {
                "type": "Polygon",
                "coordinates": [
                    [
                        [
                            -9.08,
                            43.18
                        ],
                        [
                            -9.01,
                            43.15
                        ],
                        [
                            -8.98,
                            43.18
                        ],
                        [
                            -8.85,
                            43.14
                        ],
                        [
                            -8.85,
                            43.11
                        ],
                        [
                            -8.91,
                            43.04
                        ],
                        [
                            -8.89,
                            42.93
                        ],
                        [
                            -8.91,
                            42.9
                        ],
                        [
                            -8.91,
                            42.89
                        ],
                        [
                            -8.99,
                            42.89
                        ],
                        [
                            -8.98,
                            42.86
                        ],
                        [
                            -9.03,
                            42.86
                        ],
                        [
                            -9.1,
                            42.79
                        ],
                        [
                            -9.11,
                            42.76
                        ],
                        [
                            -9.12,
                            42.77
                        ],
                        [
                            -9.13,
                            42.79
                        ],
                        [
                            -9.11,
                            42.84
                        ],
                        [
                            -9.15,
                            42.87
                        ],
                        [
                            -9.13,
                            42.9
                        ],
                        [
                            -9.18,
                            42.92
                        ],
                        [
                            -9.29,
                            42.93
                        ],
                        [
                            -9.26,
                            42.97
                        ],
                        [
                            -9.29,
                            43.05
                        ],
                        [
                            -9.26,
                            43.05
                        ],
                        [
                            -9.22,
                            43.11
                        ],
                        [
                            -9.18,
                            43.09
                        ],
                        [
                            -9.16,
                            43.12
                        ],
                        [
                            -9.2,
                            43.13
                        ],
                        [
                            -9.2,
                            43.15
                        ],
                        [
                            -9.12,
                            43.2
                        ],
                        [
                            -9.08,
                            43.18
                        ]
                    ]
                ]
            },
            "properties": {
                "dia": 2,
                "priority": 1,
                "popup_html": "<h3>\ud83c\udf2c\ufe0f Aviso de vientos de nivel amarillo</h3><p><b>Titular:</b> Aviso de vientos de nivel amarillo. Oeste de A Coru\u00f1a</p><p><b>\u00c1rea:</b> Oeste de A Coru\u00f1a</p><p><b>Nivel:</b> <span style='color:#f3f702; font-weight:bold;'>AMARILLO</span></p><hr><p><b>Descripci\u00f3n:</b> Rachas m\u00e1ximas: 80 km/h.</p><p><b>Instrucciones:</b> Est\u00e9 atento. Mant\u00e9ngase informado de la predicci\u00f3n meteorol\u00f3gica m\u00e1s actualizada. Se pueden producir da\u00f1os moderados a personas y bienes, especialmente a aquellos vulnerables o en zonas expuestas al fen\u00f3meno.</p><p><b>Inicio:</b> 29/09/2026 11:00</p><p><b>Fin:</b> 29/09/2026 17:59</p><p><a href='https://www.aemet.es/es/eltiempo/prediccion/avisos' target='_blank' style='color:#0078A8;'>Ver en AEMET</a></p>",
                "fillColor": "#f3f702"
            }
        },
        {
            "type": "Feature",
            "geometry": {
                "type": "Polygon",
                "coordinates": [
                    [
                        [
                            -3.11,
                            42.35
                        ],
                        [
                            -3.07,
                            42.37
                        ],
                        [
                            -3.06,
                            42.37
                        ],
                        [
                            -3.05,
                            42.37
                        ],
                        [
                            -2.97,
                            42.41
                        ],
                        [
                            -2.94,
                            42.39
                        ],
                        [
                            -2.92,
                            42.41
                        ],
                        [
                            -2.87,
                            42.38
                        ],
                        [
                            -2.81,
                            42.38
                        ],
                        [
                            -2.78,
                            42.39
                        ],
                        [
                            -2.74,
                            42.38
                        ],
                        [
                            -2.62,
                            42.33
                        ],
                        [
                            -2.55,
                            42.35
                        ],
                        [
                            -2.52,
                            42.32
                        ],
                        [
                            -2.49,
                            42.32
                        ],
                        [
                            -2.48,
                            42.29
                        ],
                        [
                            -2.41,
                            42.25
                        ],
                        [
                            -2.34,
                            42.24
                        ],
                        [
                            -2.3,
                            42.29
                        ],
                        [
                            -2.22,
                            42.26
                        ],
                        [
                            -2.19,
                            42.2
                        ],
                        [
                            -2.23,
                            42.17
                        ],
                        [
                            -2.19,
                            42.13
                        ],
                        [
                            -2.16,
                            42.13
                        ],
                        [
                            -2.14,
                            42.16
                        ],
                        [
                            -2.08,
                            42.14
                        ],
                        [
                            -2.06,
                            42.11
                        ],
                        [
                            -2.0,
                            42.09
                        ],
                        [
                            -1.96,
                            42.11
                        ],
                        [
                            -1.92,
                            42.09
                        ],
                        [
                            -1.91,
                            42.06
                        ],
                        [
                            -1.9,
                            42.03
                        ],
                        [
                            -1.85,
                            42.01
                        ],
                        [
                            -1.86,
                            41.97
                        ],
                        [
                            -1.94,
                            41.93
                        ],
                        [
                            -1.98,
                            41.92
                        ],
                        [
                            -2.03,
                            41.95
                        ],
                        [
                            -2.11,
                            41.96
                        ],
                        [
                            -2.12,
                            42.02
                        ],
                        [
                            -2.16,
                            42.07
                        ],
                        [
                            -2.14,
                            42.1
                        ],
                        [
                            -2.24,
                            42.1
                        ],
                        [
                            -2.28,
                            42.11
                        ],
                        [
                            -2.31,
                            42.14
                        ],
                        [
                            -2.44,
                            42.14
                        ],
                        [
                            -2.46,
                            42.12
                        ],
                        [
                            -2.51,
                            42.11
                        ],
                        [
                            -2.51,
                            42.07
                        ],
                        [
                            -2.55,
                            42.05
                        ],
                        [
                            -2.58,
                            42.0
                        ],
                        [
                            -2.63,
                            42.01
                        ],
                        [
                            -2.67,
                            42.0
                        ],
                        [
                            -2.7,
                            42.02
                        ],
                        [
                            -2.74,
                            42.01
                        ],
                        [
                            -2.76,
                            42.03
                        ],
                        [
                            -2.71,
                            42.09
                        ],
                        [
                            -2.73,
                            42.12
                        ],
                        [
                            -2.79,
                            42.11
                        ],
                        [
                            -2.8,
                            42.05
                        ],
                        [
                            -2.86,
                            42.03
                        ],
                        [
                            -2.88,
                            42.01
                        ],
                        [
                            -2.91,
                            42.02
                        ],
                        [
                            -2.93,
                            42.08
                        ],
                        [
                            -3.03,
                            42.09
                        ],
                        [
                            -3.06,
                            42.13
                        ],
                        [
                            -3.13,
                            42.2
                        ],
                        [
                            -3.09,
                            42.25
                        ],
                        [
                            -3.11,
                            42.35
                        ]
                    ]
                ]
            },
            "properties": {
                "dia": 0,
                "priority": 1,
                "popup_html": "<h3>\u26c8\ufe0f Aviso de tormentas de nivel amarillo</h3><p><b>Titular:</b> Aviso de tormentas de nivel amarillo. Ib\u00e9rica riojana</p><p><b>\u00c1rea:</b> Ib\u00e9rica riojana</p><p><b>Nivel:</b> <span style='color:#f3f702; font-weight:bold;'>AMARILLO</span></p><hr><p><b>Descripci\u00f3n:</b> El aviso hace referencia a la parte m\u00e1s occidental. Probable granizo.</p><p><b>Instrucciones:</b> Est\u00e9 atento. Mant\u00e9ngase informado de la predicci\u00f3n meteorol\u00f3gica m\u00e1s actualizada. Se pueden producir da\u00f1os moderados a personas y bienes, especialmente a aquellos vulnerables o en zonas expuestas al fen\u00f3meno.</p><p><b>Inicio:</b> 27/09/2026 18:00</p><p><b>Fin:</b> 27/09/2026 23:59</p><p><a href='https://www.aemet.es/es/eltiempo/prediccion/avisos' target='_blank' style='color:#0078A8;'>Ver en AEMET</a></p>",
                "fillColor": "#f3f702"
            }
        },
        {
            "type": "Feature",
            "geometry": {
                "type": "Polygon",
                "coordinates": [
                    [
                        [
                            -2.86,
                            42.64
                        ],
                        [
                            -2.76,
                            42.64
                        ],
                        [
                            -2.74,
                            42.66
                        ],
                        [
                            -2.7,
                            42.68
                        ],
                        [
                            -2.63,
                            42.65
                        ],
                        [
                            -2.58,
                            42.65
                        ],
                        [
                            -2.54,
                            42.64
                        ],
                        [
                            -2.5,
                            42.62
                        ],
                        [
                            -2.49,
                            42.59
                        ],
                        [
                            -2.44,
                            42.58
                        ],
                        [
                            -2.4,
                            42.59
                        ],
                        [
                            -2.39,
                            42.52
                        ],
                        [
                            -2.42,
                            42.49
                        ],
                        [
                            -2.58,
                            42.48
                        ],
                        [
                            -2.61,
                            42.5
                        ],
                        [
                            -2.65,
                            42.48
                        ],
                        [
                            -2.68,
                            42.52
                        ],
                        [
                            -2.68,
                            42.59
                        ],
                        [
                            -2.76,
                            42.62
                        ],
                        [
                            -2.78,
                            42.58
                        ],
                        [
                            -2.82,
                            42.56
                        ],
                        [
                            -2.84,
                            42.57
                        ],
                        [
                            -2.82,
                            42.61
                        ],
                        [
                            -2.86,
                            42.64
                        ]
                    ]
                ]
            },
            "properties": {
                "dia": 0,
                "priority": 1,
                "popup_html": "<h3>\u26c8\ufe0f Aviso de tormentas de nivel amarillo</h3><p><b>Titular:</b> Aviso de tormentas de nivel amarillo. Rioja alavesa</p><p><b>\u00c1rea:</b> Rioja alavesa</p><p><b>Nivel:</b> <span style='color:#f3f702; font-weight:bold;'>AMARILLO</span></p><hr><p><b>Descripci\u00f3n:</b> Probable granizo.</p><p><b>Instrucciones:</b> Est\u00e9 atento. Mant\u00e9ngase informado de la predicci\u00f3n meteorol\u00f3gica m\u00e1s actualizada. Se pueden producir da\u00f1os moderados a personas y bienes, especialmente a aquellos vulnerables o en zonas expuestas al fen\u00f3meno.</p><p><b>Inicio:</b> 27/09/2026 18:00</p><p><b>Fin:</b> 27/09/2026 23:59</p><p><a href='https://www.aemet.es/es/eltiempo/prediccion/avisos' target='_blank' style='color:#0078A8;'>Ver en AEMET</a></p>",
                "fillColor": "#f3f702"
            }
        },
        {
            "type": "Feature",
            "geometry": {
                "type": "Polygon",
                "coordinates": [
                    [
                        [
                            -9.11,
                            42.76
                        ],
                        [
                            -9.1,
                            42.79
                        ],
                        [
                            -9.03,
                            42.86
                        ],
                        [
                            -8.98,
                            42.86
                        ],
                        [
                            -8.99,
                            42.89
                        ],
                        [
                            -8.91,
                            42.89
                        ],
                        [
                            -8.91,
                            42.9
                        ],
                        [
                            -8.87,
                            42.91
                        ],
                        [
                            -8.87,
                            42.87
                        ],
                        [
                            -8.84,
                            42.85
                        ],
                        [
                            -8.78,
                            42.83
                        ],
                        [
                            -8.7,
                            42.84
                        ],
                        [
                            -8.67,
                            42.81
                        ],
                        [
                            -8.63,
                            42.81
                        ],
                        [
                            -8.62,
                            42.77
                        ],
                        [
                            -8.59,
                            42.77
                        ],
                        [
                            -8.57,
                            42.74
                        ],
                        [
                            -8.61,
                            42.72
                        ],
                        [
                            -8.64,
                            42.72
                        ],
                        [
                            -8.72,
                            42.71
                        ],
                        [
                            -8.73,
                            42.69
                        ],
                        [
                            -8.75,
                            42.65
                        ],
                        [
                            -8.79,
                            42.64
                        ],
                        [
                            -8.81,
                            42.66
                        ],
                        [
                            -8.85,
                            42.67
                        ],
                        [
                            -8.87,
                            42.61
                        ],
                        [
                            -8.89,
                            42.64
                        ],
                        [
                            -8.99,
                            42.56
                        ],
                        [
                            -9.02,
                            42.52
                        ],
                        [
                            -9.05,
                            42.57
                        ],
                        [
                            -9.09,
                            42.58
                        ],
                        [
                            -9.08,
                            42.58
                        ],
                        [
                            -9.08,
                            42.6
                        ],
                        [
                            -9.07,
                            42.6
                        ],
                        [
                            -9.04,
                            42.64
                        ],
                        [
                            -9.03,
                            42.7
                        ],
                        [
                            -8.99,
                            42.74
                        ],
                        [
                            -8.98,
                            42.78
                        ],
                        [
                            -9.03,
                            42.79
                        ],
                        [
                            -9.06,
                            42.76
                        ],
                        [
                            -9.11,
                            42.76
                        ]
                    ]
                ]
            },
            "properties": {
                "dia": 2,
                "priority": 1,
                "popup_html": "<h3>\ud83c\udf27\ufe0f Aviso de lluvias de nivel amarillo</h3><p><b>Titular:</b> Aviso de lluvias de nivel amarillo. Suroeste de A Coru\u00f1a</p><p><b>\u00c1rea:</b> Suroeste de A Coru\u00f1a</p><p><b>Nivel:</b> <span style='color:#f3f702; font-weight:bold;'>AMARILLO</span></p><hr><p><b>Descripci\u00f3n:</b> Precipitaci\u00f3n acumulada en 12 horas: 40 mm.</p><p><b>Instrucciones:</b> Est\u00e9 atento. Mant\u00e9ngase informado de la predicci\u00f3n meteorol\u00f3gica m\u00e1s actualizada. Se pueden producir da\u00f1os moderados a personas y bienes, especialmente a aquellos vulnerables o en zonas expuestas al fen\u00f3meno.</p><p><b>Inicio:</b> 29/09/2026 12:00</p><p><b>Fin:</b> 29/09/2026 23:59</p><p><a href='https://www.aemet.es/es/eltiempo/prediccion/avisos' target='_blank' style='color:#0078A8;'>Ver en AEMET</a></p>",
                "fillColor": "#f3f702"
            }
        },
        {
            "type": "Feature",
            "geometry": {
                "type": "Polygon",
                "coordinates": [
                    [
                        [
                            -9.11,
                            42.76
                        ],
                        [
                            -9.1,
                            42.79
                        ],
                        [
                            -9.03,
                            42.86
                        ],
                        [
                            -8.98,
                            42.86
                        ],
                        [
                            -8.99,
                            42.89
                        ],
                        [
                            -8.91,
                            42.89
                        ],
                        [
                            -8.91,
                            42.9
                        ],
                        [
                            -8.87,
                            42.91
                        ],
                        [
                            -8.87,
                            42.87
                        ],
                        [
                            -8.84,
                            42.85
                        ],
                        [
                            -8.78,
                            42.83
                        ],
                        [
                            -8.7,
                            42.84
                        ],
                        [
                            -8.67,
                            42.81
                        ],
                        [
                            -8.63,
                            42.81
                        ],
                        [
                            -8.62,
                            42.77
                        ],
                        [
                            -8.59,
                            42.77
                        ],
                        [
                            -8.57,
                            42.74
                        ],
                        [
                            -8.61,
                            42.72
                        ],
                        [
                            -8.64,
                            42.72
                        ],
                        [
                            -8.72,
                            42.71
                        ],
                        [
                            -8.73,
                            42.69
                        ],
                        [
                            -8.75,
                            42.65
                        ],
                        [
                            -8.79,
                            42.64
                        ],
                        [
                            -8.81,
                            42.66
                        ],
                        [
                            -8.85,
                            42.67
                        ],
                        [
                            -8.87,
                            42.61
                        ],
                        [
                            -8.89,
                            42.64
                        ],
                        [
                            -8.99,
                            42.56
                        ],
                        [
                            -9.02,
                            42.52
                        ],
                        [
                            -9.05,
                            42.57
                        ],
                        [
                            -9.09,
                            42.58
                        ],
                        [
                            -9.08,
                            42.58
                        ],
                        [
                            -9.08,
                            42.6
                        ],
                        [
                            -9.07,
                            42.6
                        ],
                        [
                            -9.04,
                            42.64
                        ],
                        [
                            -9.03,
                            42.7
                        ],
                        [
                            -8.99,
                            42.74
                        ],
                        [
                            -8.98,
                            42.78
                        ],
                        [
                            -9.03,
                            42.79
                        ],
                        [
                            -9.06,
                            42.76
                        ],
                        [
                            -9.11,
                            42.76
                        ]
                    ]
                ]
            },
            "properties": {
                "dia": 2,
                "priority": 1,
                "popup_html": "<h3>\ud83c\udf2c\ufe0f Aviso de vientos de nivel amarillo</h3><p><b>Titular:</b> Aviso de vientos de nivel amarillo. Suroeste de A Coru\u00f1a</p><p><b>\u00c1rea:</b> Suroeste de A Coru\u00f1a</p><p><b>Nivel:</b> <span style='color:#f3f702; font-weight:bold;'>AMARILLO</span></p><hr><p><b>Descripci\u00f3n:</b> Rachas m\u00e1ximas: 80 km/h.</p><p><b>Instrucciones:</b> Est\u00e9 atento. Mant\u00e9ngase informado de la predicci\u00f3n meteorol\u00f3gica m\u00e1s actualizada. Se pueden producir da\u00f1os moderados a personas y bienes, especialmente a aquellos vulnerables o en zonas expuestas al fen\u00f3meno.</p><p><b>Inicio:</b> 29/09/2026 11:00</p><p><b>Fin:</b> 29/09/2026 17:59</p><p><a href='https://www.aemet.es/es/eltiempo/prediccion/avisos' target='_blank' style='color:#0078A8;'>Ver en AEMET</a></p>",
                "fillColor": "#f3f702"
            }
        },
        {
            "type": "Feature",
            "geometry": {
                "type": "Polygon",
                "coordinates": [
                    [
                        [
                            -7.3,
                            38.47
                        ],
                        [
                            -7.24,
                            38.46
                        ],
                        [
                            -7.12,
                            38.47
                        ],
                        [
                            -7.07,
                            38.44
                        ],
                        [
                            -7.0,
                            38.45
                        ],
                        [
                            -6.97,
                            38.47
                        ],
                        [
                            -6.88,
                            38.48
                        ],
                        [
                            -6.86,
                            38.46
                        ],
                        [
                            -6.8,
                            38.47
                        ],
                        [
                            -6.64,
                            38.45
                        ],
                        [
                            -6.62,
                            38.46
                        ],
                        [
                            -6.58,
                            38.44
                        ],
                        [
                            -6.5,
                            38.45
                        ],
                        [
                            -6.48,
                            38.44
                        ],
                        [
                            -6.44,
                            38.37
                        ],
                        [
                            -6.31,
                            38.36
                        ],
                        [
                            -6.32,
                            38.42
                        ],
                        [
                            -6.28,
                            38.44
                        ],
                        [
                            -6.24,
                            38.46
                        ],
                        [
                            -6.23,
                            38.49
                        ],
                        [
                            -6.18,
                            38.5
                        ],
                        [
                            -6.14,
                            38.49
                        ],
                        [
                            -6.11,
                            38.51
                        ],
                        [
                            -6.09,
                            38.49
                        ],
                        [
                            -6.03,
                            38.48
                        ],
                        [
                            -5.99,
                            38.49
                        ],
                        [
                            -5.97,
                            38.53
                        ],
                        [
                            -5.92,
                            38.52
                        ],
                        [
                            -5.87,
                            38.49
                        ],
                        [
                            -5.85,
                            38.43
                        ],
                        [
                            -5.78,
                            38.42
                        ],
                        [
                            -5.74,
                            38.45
                        ],
                        [
                            -5.7,
                            38.48
                        ],
                        [
                            -5.65,
                            38.45
                        ],
                        [
                            -5.57,
                            38.42
                        ],
                        [
                            -5.58,
                            38.39
                        ],
                        [
                            -5.56,
                            38.37
                        ],
                        [
                            -5.57,
                            38.33
                        ],
                        [
                            -5.55,
                            38.32
                        ],
                        [
                            -5.52,
                            38.26
                        ],
                        [
                            -5.52,
                            38.21
                        ],
                        [
                            -5.54,
                            38.16
                        ],
                        [
                            -5.58,
                            38.13
                        ],
                        [
                            -5.63,
                            38.14
                        ],
                        [
                            -5.69,
                            38.08
                        ],
                        [
                            -5.73,
                            38.09
                        ],
                        [
                            -5.74,
                            38.13
                        ],
                        [
                            -5.69,
                            38.15
                        ],
                        [
                            -5.7,
                            38.19
                        ],
                        [
                            -5.84,
                            38.17
                        ],
                        [
                            -5.87,
                            38.16
                        ],
                        [
                            -5.88,
                            38.13
                        ],
                        [
                            -5.91,
                            38.12
                        ],
                        [
                            -5.93,
                            38.09
                        ],
                        [
                            -5.91,
                            38.07
                        ],
                        [
                            -5.95,
                            38.0
                        ],
                        [
                            -6.03,
                            38.0
                        ],
                        [
                            -6.11,
                            37.98
                        ],
                        [
                            -6.18,
                            37.94
                        ],
                        [
                            -6.21,
                            37.96
                        ],
                        [
                            -6.3,
                            37.98
                        ],
                        [
                            -6.36,
                            38.02
                        ],
                        [
                            -6.37,
                            38.05
                        ],
                        [
                            -6.41,
                            38.06
                        ],
                        [
                            -6.49,
                            38.02
                        ],
                        [
                            -6.59,
                            38.03
                        ],
                        [
                            -6.58,
                            38.05
                        ],
                        [
                            -6.62,
                            38.1
                        ],
                        [
                            -6.76,
                            38.09
                        ],
                        [
                            -6.77,
                            38.11
                        ],
                        [
                            -6.81,
                            38.12
                        ],
                        [
                            -6.79,
                            38.18
                        ],
                        [
                            -6.86,
                            38.18
                        ],
                        [
                            -6.93,
                            38.21
                        ],
                        [
                            -6.98,
                            38.21
                        ],
                        [
                            -7.03,
                            38.18
                        ],
                        [
                            -7.08,
                            38.17
                        ],
                        [
                            -7.14,
                            38.24
                        ],
                        [
                            -7.15,
                            38.27
                        ],
                        [
                            -7.18,
                            38.3
                        ],
                        [
                            -7.2,
                            38.33
                        ],
                        [
                            -7.27,
                            38.39
                        ],
                        [
                            -7.28,
                            38.42
                        ],
                        [
                            -7.32,
                            38.44
                        ],
                        [
                            -7.3,
                            38.47
                        ]
                    ]
                ]
            },
            "properties": {
                "dia": 1,
                "priority": 1,
                "popup_html": "<h3>\ud83c\udf27\ufe0f Aviso de lluvias de nivel amarillo</h3><p><b>Titular:</b> Aviso de lluvias de nivel amarillo. Sur de Badajoz</p><p><b>\u00c1rea:</b> Sur de Badajoz</p><p><b>Nivel:</b> <span style='color:#f3f702; font-weight:bold;'>AMARILLO</span></p><hr><p><b>Descripci\u00f3n:</b> Precipitaci\u00f3n acumulada en una hora: 15 mm.</p><p><b>Instrucciones:</b> Est\u00e9 atento. Mant\u00e9ngase informado de la predicci\u00f3n meteorol\u00f3gica m\u00e1s actualizada. Se pueden producir da\u00f1os moderados a personas y bienes, especialmente a aquellos vulnerables o en zonas expuestas al fen\u00f3meno.</p><p><b>Inicio:</b> 28/09/2026 14:00</p><p><b>Fin:</b> 28/09/2026 21:59</p><p><a href='https://www.aemet.es/es/eltiempo/prediccion/avisos' target='_blank' style='color:#0078A8;'>Ver en AEMET</a></p>",
                "fillColor": "#f3f702"
            }
        },
        {
            "type": "Feature",
            "geometry": {
                "type": "Polygon",
                "coordinates": [
                    [
                        [
                            -8.91,
                            42.9
                        ],
                        [
                            -8.89,
                            42.93
                        ],
                        [
                            -8.91,
                            43.04
                        ],
                        [
                            -8.85,
                            43.11
                        ],
                        [
                            -8.81,
                            43.12
                        ],
                        [
                            -8.7,
                            43.09
                        ],
                        [
                            -8.67,
                            43.12
                        ],
                        [
                            -8.64,
                            43.11
                        ],
                        [
                            -8.61,
                            43.14
                        ],
                        [
                            -8.57,
                            43.14
                        ],
                        [
                            -8.52,
                            43.12
                        ],
                        [
                            -8.49,
                            43.1
                        ],
                        [
                            -8.44,
                            43.16
                        ],
                        [
                            -8.37,
                            43.17
                        ],
                        [
                            -8.34,
                            43.14
                        ],
                        [
                            -8.31,
                            43.16
                        ],
                        [
                            -8.28,
                            43.13
                        ],
                        [
                            -8.23,
                            43.14
                        ],
                        [
                            -8.21,
                            43.13
                        ],
                        [
                            -8.08,
                            43.18
                        ],
                        [
                            -8.11,
                            43.21
                        ],
                        [
                            -8.18,
                            43.25
                        ],
                        [
                            -8.19,
                            43.28
                        ],
                        [
                            -8.13,
                            43.26
                        ],
                        [
                            -8.1,
                            43.29
                        ],
                        [
                            -8.12,
                            43.33
                        ],
                        [
                            -8.09,
                            43.33
                        ],
                        [
                            -8.09,
                            43.37
                        ],
                        [
                            -8.11,
                            43.4
                        ],
                        [
                            -8.07,
                            43.41
                        ],
                        [
                            -8.1,
                            43.45
                        ],
                        [
                            -8.09,
                            43.47
                        ],
                        [
                            -8.0,
                            43.47
                        ],
                        [
                            -7.98,
                            43.48
                        ],
                        [
                            -7.98,
                            43.54
                        ],
                        [
                            -7.92,
                            43.55
                        ],
                        [
                            -7.9,
                            43.58
                        ],
                        [
                            -7.84,
                            43.55
                        ],
                        [
                            -7.83,
                            43.57
                        ],
                        [
                            -7.75,
                            43.56
                        ],
                        [
                            -7.75,
                            43.51
                        ],
                        [
                            -7.78,
                            43.45
                        ],
                        [
                            -7.82,
                            43.4
                        ],
                        [
                            -7.88,
                            43.41
                        ],
                        [
                            -7.9,
                            43.39
                        ],
                        [
                            -7.88,
                            43.35
                        ],
                        [
                            -7.89,
                            43.33
                        ],
                        [
                            -7.95,
                            43.29
                        ],
                        [
                            -7.92,
                            43.27
                        ],
                        [
                            -7.96,
                            43.19
                        ],
                        [
                            -7.94,
                            43.11
                        ],
                        [
                            -7.92,
                            43.09
                        ],
                        [
                            -7.94,
                            43.07
                        ],
                        [
                            -7.9,
                            42.99
                        ],
                        [
                            -7.91,
                            42.93
                        ],
                        [
                            -7.93,
                            42.9
                        ],
                        [
                            -7.98,
                            42.88
                        ],
                        [
                            -8.0,
                            42.85
                        ],
                        [
                            -8.04,
                            42.83
                        ],
                        [
                            -8.07,
                            42.85
                        ],
                        [
                            -8.15,
                            42.85
                        ],
                        [
                            -8.18,
                            42.86
                        ],
                        [
                            -8.21,
                            42.82
                        ],
                        [
                            -8.25,
                            42.84
                        ],
                        [
                            -8.33,
                            42.79
                        ],
                        [
                            -8.4,
                            42.78
                        ],
                        [
                            -8.43,
                            42.75
                        ],
                        [
                            -8.49,
                            42.76
                        ],
                        [
                            -8.57,
                            42.74
                        ],
                        [
                            -8.59,
                            42.77
                        ],
                        [
                            -8.62,
                            42.77
                        ],
                        [
                            -8.63,
                            42.81
                        ],
                        [
                            -8.67,
                            42.81
                        ],
                        [
                            -8.7,
                            42.84
                        ],
                        [
                            -8.78,
                            42.83
                        ],
                        [
                            -8.84,
                            42.85
                        ],
                        [
                            -8.87,
                            42.87
                        ],
                        [
                            -8.87,
                            42.91
                        ],
                        [
                            -8.91,
                            42.9
                        ]
                    ]
                ]
            },
            "properties": {
                "dia": 2,
                "priority": 1,
                "popup_html": "<h3>\ud83c\udf2c\ufe0f Aviso de vientos de nivel amarillo</h3><p><b>Titular:</b> Aviso de vientos de nivel amarillo. Interior de A Coru\u00f1a</p><p><b>\u00c1rea:</b> Interior de A Coru\u00f1a</p><p><b>Nivel:</b> <span style='color:#f3f702; font-weight:bold;'>AMARILLO</span></p><hr><p><b>Descripci\u00f3n:</b> Rachas m\u00e1ximas: 80 km/h.</p><p><b>Instrucciones:</b> Est\u00e9 atento. Mant\u00e9ngase informado de la predicci\u00f3n meteorol\u00f3gica m\u00e1s actualizada. Se pueden producir da\u00f1os moderados a personas y bienes, especialmente a aquellos vulnerables o en zonas expuestas al fen\u00f3meno.</p><p><b>Inicio:</b> 29/09/2026 11:00</p><p><b>Fin:</b> 29/09/2026 17:59</p><p><a href='https://www.aemet.es/es/eltiempo/prediccion/avisos' target='_blank' style='color:#0078A8;'>Ver en AEMET</a></p>",
                "fillColor": "#f3f702"
            }
        },
        {
            "type": "Feature",
            "geometry": {
                "type": "Polygon",
                "coordinates": [
                    [
                        [
                            -6.97,
                            38.47
                        ],
                        [
                            -6.97,
                            38.49
                        ],
                        [
                            -6.95,
                            38.56
                        ],
                        [
                            -6.87,
                            38.56
                        ],
                        [
                            -6.88,
                            38.58
                        ],
                        [
                            -6.85,
                            38.68
                        ],
                        [
                            -6.8,
                            38.66
                        ],
                        [
                            -6.75,
                            38.68
                        ],
                        [
                            -6.75,
                            38.71
                        ],
                        [
                            -6.7,
                            38.75
                        ],
                        [
                            -6.65,
                            38.76
                        ],
                        [
                            -6.6,
                            38.76
                        ],
                        [
                            -6.56,
                            38.78
                        ],
                        [
                            -6.54,
                            38.77
                        ],
                        [
                            -6.52,
                            38.73
                        ],
                        [
                            -6.48,
                            38.76
                        ],
                        [
                            -6.41,
                            38.77
                        ],
                        [
                            -6.38,
                            38.75
                        ],
                        [
                            -6.35,
                            38.77
                        ],
                        [
                            -6.3,
                            38.75
                        ],
                        [
                            -6.27,
                            38.79
                        ],
                        [
                            -6.24,
                            38.8
                        ],
                        [
                            -6.21,
                            38.78
                        ],
                        [
                            -6.15,
                            38.87
                        ],
                        [
                            -6.13,
                            38.86
                        ],
                        [
                            -6.09,
                            38.77
                        ],
                        [
                            -6.04,
                            38.75
                        ],
                        [
                            -6.01,
                            38.76
                        ],
                        [
                            -5.89,
                            38.73
                        ],
                        [
                            -5.83,
                            38.8
                        ],
                        [
                            -5.8,
                            38.79
                        ],
                        [
                            -5.76,
                            38.85
                        ],
                        [
                            -5.7,
                            38.83
                        ],
                        [
                            -5.69,
                            38.87
                        ],
                        [
                            -5.65,
                            38.9
                        ],
                        [
                            -5.59,
                            38.92
                        ],
                        [
                            -5.6,
                            38.96
                        ],
                        [
                            -5.59,
                            38.99
                        ],
                        [
                            -5.55,
                            38.98
                        ],
                        [
                            -5.52,
                            38.99
                        ],
                        [
                            -5.49,
                            38.92
                        ],
                        [
                            -5.46,
                            38.94
                        ],
                        [
                            -5.4,
                            38.9
                        ],
                        [
                            -5.36,
                            38.9
                        ],
                        [
                            -5.31,
                            38.93
                        ],
                        [
                            -5.22,
                            38.93
                        ],
                        [
                            -5.19,
                            38.89
                        ],
                        [
                            -5.12,
                            38.87
                        ],
                        [
                            -5.1,
                            38.83
                        ],
                        [
                            -5.11,
                            38.77
                        ],
                        [
                            -5.07,
                            38.75
                        ],
                        [
                            -5.06,
                            38.72
                        ],
                        [
                            -5.1,
                            38.71
                        ],
                        [
                            -5.17,
                            38.71
                        ],
                        [
                            -5.17,
                            38.68
                        ],
                        [
                            -5.21,
                            38.67
                        ],
                        [
                            -5.25,
                            38.63
                        ],
                        [
                            -5.33,
                            38.58
                        ],
                        [
                            -5.37,
                            38.59
                        ],
                        [
                            -5.39,
                            38.55
                        ],
                        [
                            -5.48,
                            38.46
                        ],
                        [
                            -5.52,
                            38.46
                        ],
                        [
                            -5.57,
                            38.42
                        ],
                        [
                            -5.65,
                            38.45
                        ],
                        [
                            -5.7,
                            38.48
                        ],
                        [
                            -5.74,
                            38.45
                        ],
                        [
                            -5.78,
                            38.42
                        ],
                        [
                            -5.85,
                            38.43
                        ],
                        [
                            -5.87,
                            38.49
                        ],
                        [
                            -5.92,
                            38.52
                        ],
                        [
                            -5.97,
                            38.53
                        ],
                        [
                            -5.99,
                            38.49
                        ],
                        [
                            -6.03,
                            38.48
                        ],
                        [
                            -6.09,
                            38.49
                        ],
                        [
                            -6.11,
                            38.51
                        ],
                        [
                            -6.14,
                            38.49
                        ],
                        [
                            -6.18,
                            38.5
                        ],
                        [
                            -6.23,
                            38.49
                        ],
                        [
                            -6.24,
                            38.46
                        ],
                        [
                            -6.28,
                            38.44
                        ],
                        [
                            -6.32,
                            38.42
                        ],
                        [
                            -6.31,
                            38.36
                        ],
                        [
                            -6.44,
                            38.37
                        ],
                        [
                            -6.48,
                            38.44
                        ],
                        [
                            -6.5,
                            38.45
                        ],
                        [
                            -6.58,
                            38.44
                        ],
                        [
                            -6.62,
                            38.46
                        ],
                        [
                            -6.64,
                            38.45
                        ],
                        [
                            -6.8,
                            38.47
                        ],
                        [
                            -6.86,
                            38.46
                        ],
                        [
                            -6.88,
                            38.48
                        ],
                        [
                            -6.97,
                            38.47
                        ]
                    ]
                ]
            },
            "properties": {
                "dia": 1,
                "priority": 1,
                "popup_html": "<h3>\u26c8\ufe0f Aviso de tormentas de nivel amarillo</h3><p><b>Titular:</b> Aviso de tormentas de nivel amarillo. Barros y Serena</p><p><b>\u00c1rea:</b> Barros y Serena</p><p><b>Nivel:</b> <span style='color:#f3f702; font-weight:bold;'>AMARILLO</span></p><hr><p><b>Descripci\u00f3n:</b> Probable granizo.</p><p><b>Instrucciones:</b> Est\u00e9 atento. Mant\u00e9ngase informado de la predicci\u00f3n meteorol\u00f3gica m\u00e1s actualizada. Se pueden producir da\u00f1os moderados a personas y bienes, especialmente a aquellos vulnerables o en zonas expuestas al fen\u00f3meno.</p><p><b>Inicio:</b> 28/09/2026 14:00</p><p><b>Fin:</b> 28/09/2026 21:59</p><p><a href='https://www.aemet.es/es/eltiempo/prediccion/avisos' target='_blank' style='color:#0078A8;'>Ver en AEMET</a></p>",
                "fillColor": "#f3f702"
            }
        },
        {
            "type": "Feature",
            "geometry": {
                "type": "Polygon",
                "coordinates": [
                    [
                        [
                            -3.14,
                            43.16
                        ],
                        [
                            -3.11,
                            43.14
                        ],
                        [
                            -3.03,
                            43.16
                        ],
                        [
                            -3.01,
                            43.2
                        ],
                        [
                            -2.98,
                            43.2
                        ],
                        [
                            -2.95,
                            43.17
                        ],
                        [
                            -2.93,
                            43.14
                        ],
                        [
                            -2.96,
                            43.09
                        ],
                        [
                            -2.89,
                            43.05
                        ],
                        [
                            -2.86,
                            43.05
                        ],
                        [
                            -2.82,
                            43.04
                        ],
                        [
                            -2.69,
                            43.02
                        ],
                        [
                            -2.63,
                            43.05
                        ],
                        [
                            -2.66,
                            43.07
                        ],
                        [
                            -2.63,
                            43.09
                        ],
                        [
                            -2.55,
                            43.09
                        ],
                        [
                            -2.53,
                            43.05
                        ],
                        [
                            -2.54,
                            43.03
                        ],
                        [
                            -2.6,
                            43.0
                        ],
                        [
                            -2.6,
                            42.98
                        ],
                        [
                            -2.63,
                            42.94
                        ],
                        [
                            -2.67,
                            42.96
                        ],
                        [
                            -2.68,
                            42.92
                        ],
                        [
                            -2.7,
                            42.9
                        ],
                        [
                            -2.76,
                            42.92
                        ],
                        [
                            -2.86,
                            42.91
                        ],
                        [
                            -2.93,
                            42.94
                        ],
                        [
                            -2.98,
                            42.94
                        ],
                        [
                            -3.04,
                            42.98
                        ],
                        [
                            -3.01,
                            43.01
                        ],
                        [
                            -3.05,
                            43.05
                        ],
                        [
                            -3.09,
                            43.0
                        ],
                        [
                            -3.14,
                            43.01
                        ],
                        [
                            -3.13,
                            43.1
                        ],
                        [
                            -3.18,
                            43.12
                        ],
                        [
                            -3.14,
                            43.16
                        ]
                    ]
                ]
            },
            "properties": {
                "dia": 0,
                "priority": 1,
                "popup_html": "<h3>\u26c8\ufe0f Aviso de tormentas de nivel amarillo</h3><p><b>Titular:</b> Aviso de tormentas de nivel amarillo. Cuenca del Nervi\u00f3n</p><p><b>\u00c1rea:</b> Cuenca del Nervi\u00f3n</p><p><b>Nivel:</b> <span style='color:#f3f702; font-weight:bold;'>AMARILLO</span></p><hr><p><b>Descripci\u00f3n:</b> Probable granizo.</p><p><b>Instrucciones:</b> Est\u00e9 atento. Mant\u00e9ngase informado de la predicci\u00f3n meteorol\u00f3gica m\u00e1s actualizada. Se pueden producir da\u00f1os moderados a personas y bienes, especialmente a aquellos vulnerables o en zonas expuestas al fen\u00f3meno.</p><p><b>Inicio:</b> 27/09/2026 18:00</p><p><b>Fin:</b> 27/09/2026 23:59</p><p><a href='https://www.aemet.es/es/eltiempo/prediccion/avisos' target='_blank' style='color:#0078A8;'>Ver en AEMET</a></p>",
                "fillColor": "#f3f702"
            }
        },
        {
            "type": "Feature",
            "geometry": {
                "type": "Polygon",
                "coordinates": [
                    [
                        [
                            -9.11,
                            42.76
                        ],
                        [
                            -9.06,
                            42.76
                        ],
                        [
                            -9.03,
                            42.79
                        ],
                        [
                            -8.98,
                            42.78
                        ],
                        [
                            -8.99,
                            42.74
                        ],
                        [
                            -9.03,
                            42.7
                        ],
                        [
                            -9.04,
                            42.64
                        ],
                        [
                            -9.07,
                            42.6
                        ],
                        [
                            -9.08,
                            42.6
                        ],
                        [
                            -9.08,
                            42.58
                        ],
                        [
                            -9.09,
                            42.58
                        ],
                        [
                            -9.05,
                            42.57
                        ],
                        [
                            -9.02,
                            42.52
                        ],
                        [
                            -8.99,
                            42.56
                        ],
                        [
                            -8.89,
                            42.64
                        ],
                        [
                            -8.87,
                            42.61
                        ],
                        [
                            -8.85,
                            42.67
                        ],
                        [
                            -8.81,
                            42.66
                        ],
                        [
                            -8.79,
                            42.64
                        ],
                        [
                            -8.75,
                            42.65
                        ],
                        [
                            -8.73,
                            42.69
                        ],
                        [
                            -8.74,
                            42.66
                        ],
                        [
                            -8.74,
                            42.65
                        ],
                        [
                            -8.82,
                            42.61
                        ],
                        [
                            -8.91,
                            42.57
                        ],
                        [
                            -8.98,
                            42.47
                        ],
                        [
                            -9.04,
                            42.44
                        ],
                        [
                            -9.19,
                            42.41
                        ],
                        [
                            -9.46,
                            42.37
                        ],
                        [
                            -9.52,
                            42.48
                        ],
                        [
                            -9.54,
                            42.55
                        ],
                        [
                            -9.54,
                            42.6
                        ],
                        [
                            -9.11,
                            42.76
                        ]
                    ]
                ]
            },
            "properties": {
                "dia": 2,
                "priority": 1,
                "popup_html": "<h3>\ud83c\udf0a Aviso de costeros de nivel amarillo</h3><p><b>Titular:</b> Aviso de costeros de nivel amarillo. Costa - Suroeste de A Coru\u00f1a</p><p><b>\u00c1rea:</b> Costa - Suroeste de A Coru\u00f1a</p><p><b>Nivel:</b> <span style='color:#f3f702; font-weight:bold;'>AMARILLO</span></p><hr><p><b>Descripci\u00f3n:</b> Viento del Sur o Sureste de 50 a 61 km/h (fuerza 7).</p><p><b>Instrucciones:</b> Est\u00e9 atento. Mant\u00e9ngase informado de la predicci\u00f3n meteorol\u00f3gica m\u00e1s actualizada. Se pueden producir da\u00f1os moderados a personas y bienes, especialmente a aquellos vulnerables o en zonas expuestas al fen\u00f3meno.</p><p><b>Inicio:</b> 29/09/2026 11:00</p><p><b>Fin:</b> 29/09/2026 22:59</p><p><a href='https://www.aemet.es/es/eltiempo/prediccion/avisos' target='_blank' style='color:#0078A8;'>Ver en AEMET</a></p>",
                "fillColor": "#f3f702"
            }
        },
        {
            "type": "Feature",
            "geometry": {
                "type": "Polygon",
                "coordinates": [
                    [
                        [
                            -3.22,
                            43.29
                        ],
                        [
                            -3.15,
                            43.31
                        ],
                        [
                            -3.08,
                            43.33
                        ],
                        [
                            -3.0,
                            43.3
                        ],
                        [
                            -2.94,
                            43.28
                        ],
                        [
                            -2.77,
                            43.24
                        ],
                        [
                            -2.75,
                            43.27
                        ],
                        [
                            -2.72,
                            43.24
                        ],
                        [
                            -2.66,
                            43.22
                        ],
                        [
                            -2.55,
                            43.23
                        ],
                        [
                            -2.5,
                            43.21
                        ],
                        [
                            -2.51,
                            43.17
                        ],
                        [
                            -2.49,
                            43.12
                        ],
                        [
                            -2.5,
                            43.1
                        ],
                        [
                            -2.55,
                            43.09
                        ],
                        [
                            -2.63,
                            43.09
                        ],
                        [
                            -2.66,
                            43.07
                        ],
                        [
                            -2.63,
                            43.05
                        ],
                        [
                            -2.69,
                            43.02
                        ],
                        [
                            -2.82,
                            43.04
                        ],
                        [
                            -2.86,
                            43.05
                        ],
                        [
                            -2.89,
                            43.05
                        ],
                        [
                            -2.96,
                            43.09
                        ],
                        [
                            -2.93,
                            43.14
                        ],
                        [
                            -2.95,
                            43.17
                        ],
                        [
                            -2.98,
                            43.2
                        ],
                        [
                            -3.01,
                            43.2
                        ],
                        [
                            -3.03,
                            43.16
                        ],
                        [
                            -3.11,
                            43.14
                        ],
                        [
                            -3.14,
                            43.16
                        ],
                        [
                            -3.15,
                            43.17
                        ],
                        [
                            -3.22,
                            43.17
                        ],
                        [
                            -3.28,
                            43.19
                        ],
                        [
                            -3.35,
                            43.15
                        ],
                        [
                            -3.42,
                            43.13
                        ],
                        [
                            -3.45,
                            43.24
                        ],
                        [
                            -3.39,
                            43.25
                        ],
                        [
                            -3.29,
                            43.3
                        ],
                        [
                            -3.3,
                            43.26
                        ],
                        [
                            -3.3,
                            43.21
                        ],
                        [
                            -3.26,
                            43.21
                        ],
                        [
                            -3.27,
                            43.27
                        ],
                        [
                            -3.299999,
                            43.26
                        ],
                        [
                            -3.289999,
                            43.3
                        ],
                        [
                            -3.22,
                            43.29
                        ]
                    ]
                ]
            },
            "properties": {
                "dia": 0,
                "priority": 1,
                "popup_html": "<h3>\u26c8\ufe0f Aviso de tormentas de nivel amarillo</h3><p><b>Titular:</b> Aviso de tormentas de nivel amarillo. Bizkaia interior</p><p><b>\u00c1rea:</b> Bizkaia interior</p><p><b>Nivel:</b> <span style='color:#f3f702; font-weight:bold;'>AMARILLO</span></p><hr><p><b>Descripci\u00f3n:</b> Probable granizo.</p><p><b>Instrucciones:</b> Est\u00e9 atento. Mant\u00e9ngase informado de la predicci\u00f3n meteorol\u00f3gica m\u00e1s actualizada. Se pueden producir da\u00f1os moderados a personas y bienes, especialmente a aquellos vulnerables o en zonas expuestas al fen\u00f3meno.</p><p><b>Inicio:</b> 27/09/2026 18:00</p><p><b>Fin:</b> 27/09/2026 23:59</p><p><a href='https://www.aemet.es/es/eltiempo/prediccion/avisos' target='_blank' style='color:#0078A8;'>Ver en AEMET</a></p>",
                "fillColor": "#f3f702"
            }
        },
        {
            "type": "Feature",
            "geometry": {
                "type": "Polygon",
                "coordinates": [
                    [
                        [
                            -9.08,
                            43.18
                        ],
                        [
                            -9.01,
                            43.15
                        ],
                        [
                            -8.98,
                            43.18
                        ],
                        [
                            -8.85,
                            43.14
                        ],
                        [
                            -8.85,
                            43.11
                        ],
                        [
                            -8.91,
                            43.04
                        ],
                        [
                            -8.89,
                            42.93
                        ],
                        [
                            -8.91,
                            42.9
                        ],
                        [
                            -8.91,
                            42.89
                        ],
                        [
                            -8.99,
                            42.89
                        ],
                        [
                            -8.98,
                            42.86
                        ],
                        [
                            -9.03,
                            42.86
                        ],
                        [
                            -9.1,
                            42.79
                        ],
                        [
                            -9.11,
                            42.76
                        ],
                        [
                            -9.12,
                            42.77
                        ],
                        [
                            -9.13,
                            42.79
                        ],
                        [
                            -9.11,
                            42.84
                        ],
                        [
                            -9.15,
                            42.87
                        ],
                        [
                            -9.13,
                            42.9
                        ],
                        [
                            -9.18,
                            42.92
                        ],
                        [
                            -9.29,
                            42.93
                        ],
                        [
                            -9.26,
                            42.97
                        ],
                        [
                            -9.29,
                            43.05
                        ],
                        [
                            -9.26,
                            43.05
                        ],
                        [
                            -9.22,
                            43.11
                        ],
                        [
                            -9.18,
                            43.09
                        ],
                        [
                            -9.16,
                            43.12
                        ],
                        [
                            -9.2,
                            43.13
                        ],
                        [
                            -9.2,
                            43.15
                        ],
                        [
                            -9.12,
                            43.2
                        ],
                        [
                            -9.08,
                            43.18
                        ]
                    ]
                ]
            },
            "properties": {
                "dia": 2,
                "priority": 1,
                "popup_html": "<h3>\ud83c\udf27\ufe0f Aviso de lluvias de nivel amarillo</h3><p><b>Titular:</b> Aviso de lluvias de nivel amarillo. Oeste de A Coru\u00f1a</p><p><b>\u00c1rea:</b> Oeste de A Coru\u00f1a</p><p><b>Nivel:</b> <span style='color:#f3f702; font-weight:bold;'>AMARILLO</span></p><hr><p><b>Descripci\u00f3n:</b> Precipitaci\u00f3n acumulada en 12 horas: 40 mm.</p><p><b>Instrucciones:</b> Est\u00e9 atento. Mant\u00e9ngase informado de la predicci\u00f3n meteorol\u00f3gica m\u00e1s actualizada. Se pueden producir da\u00f1os moderados a personas y bienes, especialmente a aquellos vulnerables o en zonas expuestas al fen\u00f3meno.</p><p><b>Inicio:</b> 29/09/2026 12:00</p><p><b>Fin:</b> 29/09/2026 23:59</p><p><a href='https://www.aemet.es/es/eltiempo/prediccion/avisos' target='_blank' style='color:#0078A8;'>Ver en AEMET</a></p>",
                "fillColor": "#f3f702"
            }
        },
        {
            "type": "Feature",
            "geometry": {
                "type": "Polygon",
                "coordinates": [
                    [
                        [
                            -3.15,
                            43.31
                        ],
                        [
                            -3.15,
                            43.35
                        ],
                        [
                            -3.11,
                            43.35
                        ],
                        [
                            -3.11,
                            43.36
                        ],
                        [
                            -3.01,
                            43.34
                        ],
                        [
                            -3.03,
                            43.37
                        ],
                        [
                            -2.99,
                            43.39
                        ],
                        [
                            -2.94,
                            43.44
                        ],
                        [
                            -2.81,
                            43.43
                        ],
                        [
                            -2.75,
                            43.46
                        ],
                        [
                            -2.72,
                            43.42
                        ],
                        [
                            -2.62,
                            43.39
                        ],
                        [
                            -2.56,
                            43.39
                        ],
                        [
                            -2.54,
                            43.37
                        ],
                        [
                            -2.49,
                            43.37
                        ],
                        [
                            -2.43,
                            43.33
                        ],
                        [
                            -2.42,
                            43.33
                        ],
                        [
                            -2.41,
                            43.32
                        ],
                        [
                            -2.44,
                            43.29
                        ],
                        [
                            -2.42,
                            43.27
                        ],
                        [
                            -2.46,
                            43.22
                        ],
                        [
                            -2.5,
                            43.21
                        ],
                        [
                            -2.55,
                            43.23
                        ],
                        [
                            -2.66,
                            43.22
                        ],
                        [
                            -2.72,
                            43.24
                        ],
                        [
                            -2.75,
                            43.27
                        ],
                        [
                            -2.77,
                            43.24
                        ],
                        [
                            -2.94,
                            43.28
                        ],
                        [
                            -3.0,
                            43.3
                        ],
                        [
                            -3.08,
                            43.33
                        ],
                        [
                            -3.15,
                            43.31
                        ]
                    ]
                ]
            },
            "properties": {
                "dia": 0,
                "priority": 1,
                "popup_html": "<h3>\u26c8\ufe0f Aviso de tormentas de nivel amarillo</h3><p><b>Titular:</b> Aviso de tormentas de nivel amarillo. Bizkaia litoral</p><p><b>\u00c1rea:</b> Bizkaia litoral</p><p><b>Nivel:</b> <span style='color:#f3f702; font-weight:bold;'>AMARILLO</span></p><hr><p><b>Descripci\u00f3n:</b> Probable granizo.</p><p><b>Instrucciones:</b> Est\u00e9 atento. Mant\u00e9ngase informado de la predicci\u00f3n meteorol\u00f3gica m\u00e1s actualizada. Se pueden producir da\u00f1os moderados a personas y bienes, especialmente a aquellos vulnerables o en zonas expuestas al fen\u00f3meno.</p><p><b>Inicio:</b> 27/09/2026 18:00</p><p><b>Fin:</b> 27/09/2026 23:59</p><p><a href='https://www.aemet.es/es/eltiempo/prediccion/avisos' target='_blank' style='color:#0078A8;'>Ver en AEMET</a></p>",
                "fillColor": "#f3f702"
            }
        },
        {
            "type": "Feature",
            "geometry": {
                "type": "Polygon",
                "coordinates": [
                    [
                        [
                            -7.3,
                            38.47
                        ],
                        [
                            -7.24,
                            38.46
                        ],
                        [
                            -7.12,
                            38.47
                        ],
                        [
                            -7.07,
                            38.44
                        ],
                        [
                            -7.0,
                            38.45
                        ],
                        [
                            -6.97,
                            38.47
                        ],
                        [
                            -6.88,
                            38.48
                        ],
                        [
                            -6.86,
                            38.46
                        ],
                        [
                            -6.8,
                            38.47
                        ],
                        [
                            -6.64,
                            38.45
                        ],
                        [
                            -6.62,
                            38.46
                        ],
                        [
                            -6.58,
                            38.44
                        ],
                        [
                            -6.5,
                            38.45
                        ],
                        [
                            -6.48,
                            38.44
                        ],
                        [
                            -6.44,
                            38.37
                        ],
                        [
                            -6.31,
                            38.36
                        ],
                        [
                            -6.32,
                            38.42
                        ],
                        [
                            -6.28,
                            38.44
                        ],
                        [
                            -6.24,
                            38.46
                        ],
                        [
                            -6.23,
                            38.49
                        ],
                        [
                            -6.18,
                            38.5
                        ],
                        [
                            -6.14,
                            38.49
                        ],
                        [
                            -6.11,
                            38.51
                        ],
                        [
                            -6.09,
                            38.49
                        ],
                        [
                            -6.03,
                            38.48
                        ],
                        [
                            -5.99,
                            38.49
                        ],
                        [
                            -5.97,
                            38.53
                        ],
                        [
                            -5.92,
                            38.52
                        ],
                        [
                            -5.87,
                            38.49
                        ],
                        [
                            -5.85,
                            38.43
                        ],
                        [
                            -5.78,
                            38.42
                        ],
                        [
                            -5.74,
                            38.45
                        ],
                        [
                            -5.7,
                            38.48
                        ],
                        [
                            -5.65,
                            38.45
                        ],
                        [
                            -5.57,
                            38.42
                        ],
                        [
                            -5.58,
                            38.39
                        ],
                        [
                            -5.56,
                            38.37
                        ],
                        [
                            -5.57,
                            38.33
                        ],
                        [
                            -5.55,
                            38.32
                        ],
                        [
                            -5.52,
                            38.26
                        ],
                        [
                            -5.52,
                            38.21
                        ],
                        [
                            -5.54,
                            38.16
                        ],
                        [
                            -5.58,
                            38.13
                        ],
                        [
                            -5.63,
                            38.14
                        ],
                        [
                            -5.69,
                            38.08
                        ],
                        [
                            -5.73,
                            38.09
                        ],
                        [
                            -5.74,
                            38.13
                        ],
                        [
                            -5.69,
                            38.15
                        ],
                        [
                            -5.7,
                            38.19
                        ],
                        [
                            -5.84,
                            38.17
                        ],
                        [
                            -5.87,
                            38.16
                        ],
                        [
                            -5.88,
                            38.13
                        ],
                        [
                            -5.91,
                            38.12
                        ],
                        [
                            -5.93,
                            38.09
                        ],
                        [
                            -5.91,
                            38.07
                        ],
                        [
                            -5.95,
                            38.0
                        ],
                        [
                            -6.03,
                            38.0
                        ],
                        [
                            -6.11,
                            37.98
                        ],
                        [
                            -6.18,
                            37.94
                        ],
                        [
                            -6.21,
                            37.96
                        ],
                        [
                            -6.3,
                            37.98
                        ],
                        [
                            -6.36,
                            38.02
                        ],
                        [
                            -6.37,
                            38.05
                        ],
                        [
                            -6.41,
                            38.06
                        ],
                        [
                            -6.49,
                            38.02
                        ],
                        [
                            -6.59,
                            38.03
                        ],
                        [
                            -6.58,
                            38.05
                        ],
                        [
                            -6.62,
                            38.1
                        ],
                        [
                            -6.76,
                            38.09
                        ],
                        [
                            -6.77,
                            38.11
                        ],
                        [
                            -6.81,
                            38.12
                        ],
                        [
                            -6.79,
                            38.18
                        ],
                        [
                            -6.86,
                            38.18
                        ],
                        [
                            -6.93,
                            38.21
                        ],
                        [
                            -6.98,
                            38.21
                        ],
                        [
                            -7.03,
                            38.18
                        ],
                        [
                            -7.08,
                            38.17
                        ],
                        [
                            -7.14,
                            38.24
                        ],
                        [
                            -7.15,
                            38.27
                        ],
                        [
                            -7.18,
                            38.3
                        ],
                        [
                            -7.2,
                            38.33
                        ],
                        [
                            -7.27,
                            38.39
                        ],
                        [
                            -7.28,
                            38.42
                        ],
                        [
                            -7.32,
                            38.44
                        ],
                        [
                            -7.3,
                            38.47
                        ]
                    ]
                ]
            },
            "properties": {
                "dia": 1,
                "priority": 1,
                "popup_html": "<h3>\u26c8\ufe0f Aviso de tormentas de nivel amarillo</h3><p><b>Titular:</b> Aviso de tormentas de nivel amarillo. Sur de Badajoz</p><p><b>\u00c1rea:</b> Sur de Badajoz</p><p><b>Nivel:</b> <span style='color:#f3f702; font-weight:bold;'>AMARILLO</span></p><hr><p><b>Descripci\u00f3n:</b> Probable granizo.</p><p><b>Instrucciones:</b> Est\u00e9 atento. Mant\u00e9ngase informado de la predicci\u00f3n meteorol\u00f3gica m\u00e1s actualizada. Se pueden producir da\u00f1os moderados a personas y bienes, especialmente a aquellos vulnerables o en zonas expuestas al fen\u00f3meno.</p><p><b>Inicio:</b> 28/09/2026 14:00</p><p><b>Fin:</b> 28/09/2026 21:59</p><p><a href='https://www.aemet.es/es/eltiempo/prediccion/avisos' target='_blank' style='color:#0078A8;'>Ver en AEMET</a></p>",
                "fillColor": "#f3f702"
            }
        }
    ]
}